shotnumber,date,time,sourceLat,sourceLon,shipLat,shipLon,waterDepth,sciTag
4971,2022-05-30,00:07:41.410012,16.736265,-101.730725,16.735479,-101.728744,4250.9,MGL22040055
4972,2022-05-30,00:09:50.558019,16.73527,-101.72811,16.734492,-101.726123,4255.2,MGL22040055
4973,2022-05-30,00:11:54.104011,16.734307,-101.725483,16.733541,-101.72349,4258.2,MGL22040055
4974,2022-05-30,00:14:03.366015,16.733362,-101.722843,16.732554,-101.720869,4264.3,MGL22040055
4975,2022-05-30,00:16:11.437014,16.73239,-101.720222,16.731584,-101.718241,4267.4,MGL22040055
4976,2022-05-30,00:18:18.970010,16.731412,-101.7176,16.730613,-101.715615,4270.3,MGL22040055
4977,2022-05-30,00:20:26.917010,16.730449,-101.714968,16.729645,-101.712989,4266.6,MGL22040055
4978,2022-05-30,00:22:43.364014,16.72948,-101.712346,16.728673,-101.710365,4262.0,MGL22040055
4979,2022-05-30,00:24:59.802015,16.728499,-101.709723,16.727681,-101.707743,4260.6,MGL22040055
4980,2022-05-30,00:27:06.215010,16.727477,-101.707122,16.726677,-101.70513,4260.8,MGL22040055
4981,2022-05-30,00:29:06.310011,16.726484,-101.704504,16.725727,-101.702494,4258.5,MGL22040055
4982,2022-05-30,00:31:04.759011,16.725516,-101.701877,16.724774,-101.699862,4264.1,MGL22040055
4983,2022-05-30,00:33:04.498015,16.724561,-101.699241,16.723799,-101.697236,4265.2,MGL22040055
4984,2022-05-30,00:35:09.320012,16.723568,-101.696625,16.722798,-101.694623,4266.8,MGL22040055
4985,2022-05-30,00:37:17.247011,16.7226,-101.693997,16.721839,-101.69199,4275.4,MGL22040055
4986,2022-05-30,00:39:36.564013,16.721644,-101.691355,16.720872,-101.689363,4257.5,MGL22040055
4987,2022-05-30,00:42:11.030012,16.720667,-101.688728,16.719893,-101.686737,4256.7,MGL22040055
4988,2022-05-30,00:44:57.543012,16.719706,-101.686097,16.718928,-101.684111,4271.5,MGL22040055
4989,2022-05-30,00:47:54.520011,16.718782,-101.683451,16.717967,-101.681478,4268.4,MGL22040055
4990,2022-05-30,00:50:47.204011,16.717808,-101.680834,16.716968,-101.678865,4290.0,MGL22040055
4991,2022-05-30,00:53:42.301011,16.716808,-101.678228,16.715985,-101.676244,4277.6,MGL22040055
4992,2022-05-30,00:56:42.871011,16.715916,-101.675565,16.715096,-101.673582,4284.8,MGL22040055
4993,2022-05-30,00:59:43.020016,16.714989,-101.672914,16.714081,-101.670976,4289.3,MGL22040055
4994,2022-05-30,01:02:48.228013,16.71404,-101.670268,16.713119,-101.668344,4274.4,MGL22040055
4995,2022-05-30,01:05:52.375015,16.713066,-101.667636,16.712103,-101.665735,4283.0,MGL22040055
4996,2022-05-30,01:09:05.055013,16.712107,-101.665004,16.711137,-101.663107,4291.8,MGL22040055
4997,2022-05-30,01:11:37.974011,16.711059,-101.662413,16.710127,-101.660496,4286.1,MGL22040055
4998,2022-05-30,01:13:56.123010,16.71006,-101.659796,16.709164,-101.657867,4281.7,MGL22040055
4999,2022-05-30,01:16:12.954013,16.709067,-101.657177,16.708194,-101.655241,4283.7,MGL22040055
5000,2022-05-30,01:18:32.184016,16.708114,-101.654536,16.707249,-101.652604,4298.0,MGL22040055
5001,2022-05-30,01:20:46.639010,16.707152,-101.651906,16.706271,-101.64998,4285.9,MGL22040055
5002,2022-05-30,01:22:59.607023,16.706168,-101.649283,16.705282,-101.647362,4303.8,MGL22040055
5003,2022-05-30,01:25:13.798016,16.705197,-101.646656,16.704326,-101.644729,4286.5,MGL22040055
5004,2022-05-30,01:27:27.679012,16.704246,-101.644023,16.703359,-101.6421,4288.0,MGL22040055
5005,2022-05-30,01:29:41.322014,16.703276,-101.641397,16.702402,-101.63947,4301.4,MGL22040055
5006,2022-05-30,01:31:51.552010,16.702298,-101.638774,16.7014,-101.636855,4292.4,MGL22040055
5007,2022-05-30,01:34:02.553011,16.701285,-101.636169,16.700425,-101.634231,4311.4,MGL22040055
5008,2022-05-30,01:36:15.991012,16.700309,-101.633549,16.699466,-101.6316,4313.4,MGL22040055
5009,2022-05-30,01:38:27.798016,16.699347,-101.630919,16.698501,-101.628971,4312.4,MGL22040055
5010,2022-05-30,01:40:39.121010,16.698351,-101.628305,16.697515,-101.626351,4336.1,MGL22040055
5011,2022-05-30,01:42:46.699012,16.697379,-101.62568,16.696563,-101.623717,4346.9,MGL22040055
5012,2022-05-30,01:44:53.410013,16.696434,-101.623045,16.695596,-101.621091,4352.4,MGL22040055
5013,2022-05-30,01:46:59.468012,16.695446,-101.620423,16.694613,-101.618468,4355.8,MGL22040055
5014,2022-05-30,01:49:06.633010,16.694507,-101.617787,16.693668,-101.615831,4358.5,MGL22040055
5015,2022-05-30,01:51:14.479014,16.693521,-101.615167,16.692677,-101.613213,4365.2,MGL22040055
5016,2022-05-30,01:53:20.993011,16.692537,-101.612548,16.6917,-101.61059,4367.2,MGL22040055
5017,2022-05-30,01:55:24.929015,16.691575,-101.609918,16.690742,-101.607961,4368.7,MGL22040055
5018,2022-05-30,01:57:32.207012,16.690598,-101.607291,16.689753,-101.605339,4366.5,MGL22040055
5019,2022-05-30,01:59:42.450016,16.689636,-101.604666,16.68881,-101.602701,4365.5,MGL22040055
5020,2022-05-30,02:01:48.783010,16.688671,-101.602037,16.687819,-101.600084,4378.7,MGL22040055
5021,2022-05-30,02:03:56.197011,16.687698,-101.599413,16.686871,-101.597449,4369.1,MGL22040055
5022,2022-05-30,02:06:03.914011,16.686731,-101.59678,16.685893,-101.594825,4375.1,MGL22040055
5023,2022-05-30,02:08:16.291011,16.685752,-101.594161,16.684907,-101.592206,4376.2,MGL22040055
5024,2022-05-30,02:10:28.655018,16.684798,-101.591529,16.68395,-101.589574,4380.9,MGL22040055
5025,2022-05-30,02:12:39.512012,16.68383,-101.588902,16.682975,-101.58695,4373.1,MGL22040055
5026,2022-05-30,02:14:47.340016,16.682803,-101.5863,16.681978,-101.584334,4532.9,MGL22040055
5027,2022-05-30,02:16:58.084011,16.681865,-101.583661,16.681047,-101.581692,4363.9,MGL22040055
5028,2022-05-30,02:19:04.288021,16.680884,-101.581039,16.680064,-101.579072,4345.2,MGL22040055
5029,2022-05-30,02:21:10.106014,16.679929,-101.578408,16.679099,-101.576442,4398.8,MGL22040055
5030,2022-05-30,02:23:20.537012,16.678996,-101.575765,16.678146,-101.57381,4401.2,MGL22040055
5031,2022-05-30,02:25:30.903012,16.67802,-101.573139,16.677149,-101.571194,4403.0,MGL22040055
5032,2022-05-30,02:27:47.111011,16.677047,-101.570515,16.676193,-101.568563,4395.4,MGL22040055
5033,2022-05-30,02:30:00.795017,16.676122,-101.567867,16.675242,-101.56593,4389.8,MGL22040055
5034,2022-05-30,02:32:14.967010,16.675159,-101.565238,16.674259,-101.563307,4513.4,MGL22040055
5035,2022-05-30,02:34:22.982016,16.674176,-101.562614,16.673263,-101.560691,4404.0,MGL22040055
5036,2022-05-30,02:36:32.647012,16.673177,-101.560001,16.672289,-101.558067,4415.1,MGL22040055
5037,2022-05-30,02:38:41.986010,16.672203,-101.557381,16.671328,-101.555438,4422.6,MGL22040055
5038,2022-05-30,02:40:53.903017,16.671216,-101.554761,16.670348,-101.552814,4424.5,MGL22040055
5039,2022-05-30,02:43:01.134012,16.670262,-101.552128,16.6694,-101.55018,4422.7,MGL22040055
5040,2022-05-30,02:45:12.120013,16.669291,-101.549498,16.668409,-101.547563,4423.4,MGL22040055
5041,2022-05-30,02:47:28.476013,16.668346,-101.546868,16.667487,-101.544917,4422.9,MGL22040055
5042,2022-05-30,02:49:40.100012,16.667338,-101.544253,16.666449,-101.542316,4421.5,MGL22040055
5043,2022-05-30,02:51:55.358017,16.666323,-101.541648,16.665478,-101.53969,4414.4,MGL22040055
5044,2022-05-30,02:54:04.031011,16.665364,-101.53902,16.664526,-101.537059,4408.6,MGL22040055
5045,2022-05-30,02:56:20.182015,16.664419,-101.536382,16.663585,-101.53442,4402.4,MGL22040055
5046,2022-05-30,02:58:30.871011,16.66344,-101.533758,16.662581,-101.531809,4403.6,MGL22040055
5047,2022-05-30,03:00:39.886010,16.662451,-101.531142,16.661616,-101.52918,4391.2,MGL22040055
5048,2022-05-30,03:02:44.366012,16.661473,-101.528517,16.660622,-101.526565,4389.1,MGL22040055
5049,2022-05-30,03:04:51.522014,16.66051,-101.52589,16.659683,-101.523925,4384.2,MGL22040055
5050,2022-05-30,03:06:56.780016,16.659565,-101.52325,16.658698,-101.521305,4373.5,MGL22040055
5051,2022-05-30,03:09:02.102015,16.658589,-101.52063,16.657744,-101.518675,4370.5,MGL22040055
5052,2022-05-30,03:11:09.075019,16.65762,-101.518001,16.656763,-101.516051,4364.9,MGL22040055
5053,2022-05-30,03:13:19.156010,16.656681,-101.515363,16.655814,-101.513417,4352.4,MGL22040055
5054,2022-05-30,03:15:30.821016,16.655712,-101.512735,16.654814,-101.510804,4344.3,MGL22040055
5055,2022-05-30,03:17:39.399011,16.654731,-101.510115,16.65384,-101.508178,4354.0,MGL22040055
5056,2022-05-30,03:19:49.195015,16.653754,-101.507491,16.652893,-101.505543,4369.3,MGL22040055
5057,2022-05-30,03:22:02.070011,16.652792,-101.50486,16.651896,-101.502929,4380.2,MGL22040055
5058,2022-05-30,03:24:15.642015,16.651808,-101.502242,16.650938,-101.500298,4394.4,MGL22040055
5059,2022-05-30,03:26:28.256016,16.650849,-101.499609,16.649966,-101.497673,4396.0,MGL22040055
5060,2022-05-30,03:28:43.800014,16.649869,-101.496987,16.648985,-101.495052,4411.4,MGL22040055
5061,2022-05-30,03:30:52.037013,16.648875,-101.494373,16.647996,-101.492432,4424.5,MGL22040055
5062,2022-05-30,03:33:01.423011,16.647908,-101.491748,16.647053,-101.489796,4436.0,MGL22040055
5063,2022-05-30,03:35:11.296016,16.646954,-101.489112,16.64608,-101.487171,4449.5,MGL22040055
5064,2022-05-30,03:37:19.465011,16.645979,-101.486488,16.645096,-101.48455,4441.7,MGL22040055
5065,2022-05-30,03:39:24.530016,16.644951,-101.483887,16.644102,-101.481935,4443.6,MGL22040055
5066,2022-05-30,03:41:30.628014,16.643984,-101.481265,16.643159,-101.479299,4444.8,MGL22040055
5067,2022-05-30,03:43:35.046013,16.643055,-101.478621,16.642199,-101.476668,4445.5,MGL22040055
5068,2022-05-30,03:45:39.377012,16.642068,-101.475999,16.641202,-101.474052,4444.1,MGL22040055
5069,2022-05-30,03:47:43.078013,16.641085,-101.473381,16.640239,-101.471425,4445.6,MGL22040055
5070,2022-05-30,03:49:46.201012,16.640113,-101.470756,16.639252,-101.468806,4441.8,MGL22040055
5071,2022-05-30,03:51:53.083012,16.639129,-101.468133,16.638286,-101.466179,4439.5,MGL22040055
5072,2022-05-30,03:53:59.866012,16.63813,-101.465523,16.637321,-101.46355,4436.5,MGL22040055
5073,2022-05-30,03:56:08.470012,16.637217,-101.462872,16.636383,-101.460913,4426.9,MGL22040055
5074,2022-05-30,03:58:21.001001,16.636251,-101.460241,16.63536,-101.458306,4413.8,MGL22040055
5075,2022-05-30,04:00:28.165011,16.635228,-101.457639,16.634386,-101.455684,4430.5,MGL22040055
5076,2022-05-30,04:02:34.912015,16.634273,-101.455008,16.633436,-101.45305,4361.1,MGL22040055
5077,2022-05-30,04:04:41.621011,16.633336,-101.45237,16.6325,-101.45041,4362.5,MGL22040055
5078,2022-05-30,04:06:52.840015,16.632395,-101.449726,16.631508,-101.447793,4408.0,MGL22040055
5079,2022-05-30,04:09:05.043019,16.631395,-101.447114,16.630505,-101.44518,4374.7,MGL22040055
5080,2022-05-30,04:11:11.637024,16.630395,-101.444502,16.629528,-101.442558,4393.5,MGL22040055
5081,2022-05-30,04:13:20.517010,16.62945,-101.441869,16.628598,-101.439916,4384.4,MGL22040055
5082,2022-05-30,04:15:26.778011,16.628506,-101.439228,16.627613,-101.437296,4378.4,MGL22040055
5083,2022-05-30,04:17:33.848011,16.62752,-101.436607,16.626625,-101.434679,4366.8,MGL22040055
5084,2022-05-30,04:19:45.564013,16.626544,-101.433986,16.625666,-101.432049,4380.7,MGL22040055
5085,2022-05-30,04:21:57.549011,16.625551,-101.43137,16.624667,-101.429435,4371.2,MGL22040055
5086,2022-05-30,04:24:15.873014,16.624611,-101.428733,16.623735,-101.426792,4369.5,MGL22040055
5087,2022-05-30,04:26:30.325016,16.623663,-101.426096,16.622753,-101.424174,4366.0,MGL22040055
5088,2022-05-30,04:28:48.771010,16.622681,-101.423473,16.621762,-101.421555,4370.4,MGL22040055
5089,2022-05-30,04:31:02.126999,16.62172,-101.42085,16.62084,-101.418911,4375.6,MGL22040055
5090,2022-05-30,04:33:11.806015,16.620749,-101.418219,16.619832,-101.416303,4385.2,MGL22040055
5091,2022-05-30,04:35:32.186016,16.619775,-101.415587,16.618835,-101.413686,4391.7,MGL22040055
5092,2022-05-30,04:37:47.885011,16.61875,-101.412991,16.617855,-101.411064,4392.9,MGL22040055
5093,2022-05-30,04:40:00.890012,16.617837,-101.410346,16.616954,-101.408416,4391.9,MGL22040055
5094,2022-05-30,04:42:21.776012,16.616875,-101.407711,16.615936,-101.405803,4398.5,MGL22040055
5095,2022-05-30,04:44:34.503016,16.615869,-101.405106,16.61495,-101.403186,4413.8,MGL22040055
5096,2022-05-30,04:46:51.336020,16.614943,-101.402459,16.614027,-101.400542,4406.4,MGL22040055
5097,2022-05-30,04:49:08.411012,16.613963,-101.399831,16.612996,-101.397942,4419.8,MGL22040055
5098,2022-05-30,04:51:28.707016,16.612945,-101.39723,16.61202,-101.395318,4400.2,MGL22040055
5099,2022-05-30,04:53:42.465011,16.611981,-101.394606,16.611084,-101.392679,4405.5,MGL22040055
5100,2022-05-30,04:56:04.432011,16.611041,-101.391965,16.610113,-101.390054,4396.3,MGL22040055
5101,2022-05-30,04:58:21.918013,16.610074,-101.389337,16.609126,-101.387436,4391.3,MGL22040055
5102,2022-05-30,05:00:39.350011,16.609085,-101.386717,16.608155,-101.384809,4390.9,MGL22040055
5103,2022-05-30,05:03:00.417009,16.608123,-101.38409,16.607163,-101.382193,4387.9,MGL22040055
5104,2022-05-30,05:05:17.315015,16.607153,-101.381464,16.606215,-101.379561,4405.0,MGL22040055
5105,2022-05-30,05:07:40.606029,16.606194,-101.378835,16.605232,-101.376938,4399.0,MGL22040055
5106,2022-05-30,05:09:57.427011,16.605198,-101.376221,16.604248,-101.374318,4401.5,MGL22040055
5107,2022-05-30,05:12:14.589017,16.60421,-101.373604,16.603283,-101.371691,4382.0,MGL22040055
5108,2022-05-30,05:14:32.326013,16.603293,-101.370954,16.602336,-101.369058,4382.5,MGL22040055
5109,2022-05-30,05:16:44.308016,16.6023,-101.368338,16.601328,-101.366448,4382.6,MGL22040055
5110,2022-05-30,05:19:03.006013,16.601308,-101.365726,16.600356,-101.363824,4377.1,MGL22040055
5111,2022-05-30,05:21:29.328016,16.60035,-101.363095,16.599418,-101.361185,4389.2,MGL22040055
5112,2022-05-30,05:23:52.888014,16.59936,-101.360471,16.598416,-101.358572,4387.9,MGL22040055
5113,2022-05-30,05:26:21.504013,16.598371,-101.357858,16.597431,-101.355954,4402.7,MGL22040055
5114,2022-05-30,05:28:46.516011,16.597411,-101.355229,16.596472,-101.353324,4427.6,MGL22040055
5115,2022-05-30,05:31:06.706017,16.596478,-101.352588,16.595534,-101.350687,4395.7,MGL22040055
5116,2022-05-30,05:33:27.360017,16.595476,-101.349971,16.594486,-101.348092,4398.9,MGL22040055
5117,2022-05-30,05:35:52.149016,16.594472,-101.34737,16.593551,-101.345453,4334.9,MGL22040055
5118,2022-05-30,05:38:19.175015,16.593546,-101.344717,16.592603,-101.342818,4236.7,MGL22040055
5119,2022-05-30,05:40:45.182016,16.592558,-101.342099,16.591603,-101.340207,4243.6,MGL22040055
5120,2022-05-30,05:43:08.181011,16.591585,-101.339468,16.590617,-101.337588,4239.2,MGL22040055
5121,2022-05-30,05:45:24.963016,16.590588,-101.336864,16.589661,-101.334956,4208.5,MGL22040055
5122,2022-05-30,05:47:45.567033,16.589659,-101.334212,16.588701,-101.332327,4148.0,MGL22040055
5123,2022-05-30,05:50:01.806010,16.588705,-101.331581,16.587737,-101.3297,4091.8,MGL22040055
5124,2022-05-30,05:52:13.731011,16.58773,-101.328957,16.586739,-101.327086,4083.6,MGL22040055
5125,2022-05-30,05:54:27.135014,16.58675,-101.326339,16.585768,-101.324462,4068.4,MGL22040055
5126,2022-05-30,05:56:45.243016,16.585791,-101.323704,16.584794,-101.321837,4092.9,MGL22040055
5127,2022-05-30,05:59:01.507013,16.584814,-101.321083,16.583827,-101.319214,4085.8,MGL22040055
5128,2022-05-30,06:01:20.704011,16.583833,-101.318468,16.582835,-101.316595,4088.9,MGL22040055
5129,2022-05-30,06:03:29.999026,16.582827,-101.31586,16.581861,-101.313971,4094.4,MGL22040055
5130,2022-05-30,06:05:47.327010,16.581866,-101.31323,16.580892,-101.311347,4078.3,MGL22040055
5131,2022-05-30,06:08:06.293019,16.580875,-101.310614,16.579909,-101.308727,4060.1,MGL22040055
5132,2022-05-30,06:10:23.590010,16.579883,-101.308001,16.57894,-101.306102,4005.6,MGL22040055
5133,2022-05-30,06:12:37.976011,16.578918,-101.305375,16.577964,-101.303479,3964.2,MGL22040055
5134,2022-05-30,06:14:46.668012,16.577911,-101.30277,16.576992,-101.300856,3949.3,MGL22040055
5135,2022-05-30,06:16:59.438016,16.576965,-101.300134,16.576019,-101.298231,3898.4,MGL22040055
5136,2022-05-30,06:19:10.855010,16.576004,-101.297503,16.575056,-101.295604,3843.3,MGL22040055
5137,2022-05-30,06:21:20.286021,16.575033,-101.29488,16.574076,-101.292983,3784.2,MGL22040055
5138,2022-05-30,06:23:33.050014,16.574063,-101.292255,16.573104,-101.290358,3728.5,MGL22040055
5139,2022-05-30,06:25:39.557014,16.573059,-101.289642,16.572125,-101.287738,3613.5,MGL22040055
5140,2022-05-30,06:27:47.336010,16.572074,-101.287031,16.571132,-101.285123,3487.3,MGL22040055
5141,2022-05-30,06:30:01.366016,16.571119,-101.284399,16.570178,-101.282491,3396.6,MGL22040055
5142,2022-05-30,06:32:10.214014,16.570111,-101.28179,16.569184,-101.279874,3380.4,MGL22040055
5143,2022-05-30,06:34:18.572014,16.56914,-101.279171,16.568241,-101.277243,3363.3,MGL22040055
5144,2022-05-30,06:36:31.354015,16.568179,-101.276533,16.56724,-101.274624,3383.5,MGL22040055
5145,2022-05-30,06:38:40.293011,16.567228,-101.273905,16.566302,-101.27199,3383.4,MGL22040055
5146,2022-05-30,06:40:50.966014,16.566275,-101.271269,16.565325,-101.269367,3411.8,MGL22040055
5147,2022-05-30,06:43:04.053013,16.565317,-101.26864,16.564359,-101.266741,3427.4,MGL22040055
5148,2022-05-30,06:45:16.151015,16.564315,-101.26603,16.563352,-101.26413,3432.1,MGL22040055
5149,2022-05-30,06:47:32.569997,16.563345,-101.263399,16.562389,-101.261504,3454.4,MGL22040055
5150,2022-05-30,06:49:43.042014,16.562366,-101.260779,16.561398,-101.258888,3467.9,MGL22040055
5151,2022-05-30,06:51:54.967011,16.561406,-101.258157,16.560432,-101.256262,3498.8,MGL22040055
5152,2022-05-30,06:54:13.151010,16.560469,-101.255508,16.559471,-101.253632,3511.0,MGL22040055
5153,2022-05-30,06:56:22.900011,16.559466,-101.252903,16.558478,-101.251017,3509.2,MGL22040055
5154,2022-05-30,06:58:35.499012,16.558494,-101.250284,16.557505,-101.248395,3559.5,MGL22040055
5155,2022-05-30,07:00:44.619013,16.557495,-101.247678,16.556535,-101.245769,3611.8,MGL22040055
5156,2022-05-30,07:02:57.347016,16.556545,-101.245035,16.555558,-101.243145,3707.2,MGL22040055
5157,2022-05-30,07:05:12.254015,16.555531,-101.242427,16.554567,-101.240532,3851.6,MGL22040055
5158,2022-05-30,07:07:21.988011,16.554541,-101.23982,16.553603,-101.237903,4023.1,MGL22040055
5159,2022-05-30,07:09:34.755013,16.553611,-101.23718,16.552678,-101.235261,4107.1,MGL22040055
5160,2022-05-30,07:11:44.600010,16.55261,-101.23456,16.551634,-101.232665,4162.1,MGL22040055
5161,2022-05-30,07:13:59.362015,16.551643,-101.231938,16.550681,-101.230034,4217.1,MGL22040055
5162,2022-05-30,07:16:17.610015,16.550687,-101.229304,16.54971,-101.227409,4139.3,MGL22040055
5163,2022-05-30,07:18:28.285013,16.549698,-101.226691,16.548725,-101.224792,4203.9,MGL22040055
5164,2022-05-30,07:20:36.768010,16.548723,-101.224068,16.547752,-101.222169,4301.0,MGL22040055
5165,2022-05-30,07:22:45.670013,16.547742,-101.221444,16.546796,-101.219539,4298.1,MGL22040055
5166,2022-05-30,07:25:00.423012,16.546824,-101.218793,16.545838,-101.21691,4328.7,MGL22040055
5167,2022-05-30,07:27:19.510017,16.545824,-101.216174,16.544816,-101.214304,4382.7,MGL22040055
5168,2022-05-30,07:29:36.306010,16.544825,-101.213569,16.54386,-101.211674,4388.9,MGL22040055
5169,2022-05-30,07:31:39.675015,16.543863,-101.210943,16.542897,-101.209048,4393.0,MGL22040055
5170,2022-05-30,07:33:46.079017,16.542881,-101.208318,16.541906,-101.206432,4356.7,MGL22040055
5171,2022-05-30,07:36:01.711011,16.541907,-101.205695,16.540926,-101.203811,4376.3,MGL22040055
5172,2022-05-30,07:38:06.893014,16.540909,-101.203086,16.53994,-101.201192,4382.8,MGL22040055
5173,2022-05-30,07:40:24.394013,16.539985,-101.200435,16.538992,-101.19856,4349.5,MGL22040055
5174,2022-05-30,07:42:28.461011,16.538971,-101.197832,16.538,-101.195946,4360.2,MGL22040055
5175,2022-05-30,07:44:43.013016,16.538017,-101.195195,16.537022,-101.193323,4383.1,MGL22040055
5176,2022-05-30,07:46:56.483016,16.537034,-101.192577,16.536054,-101.190698,4398.7,MGL22040055
5177,2022-05-30,07:48:56.828015,16.536036,-101.189971,16.535067,-101.188081,4387.8,MGL22040055
5178,2022-05-30,07:50:57.310011,16.535073,-101.187344,16.534098,-101.185455,4396.1,MGL22040055
5179,2022-05-30,07:53:00.535013,16.534095,-101.184722,16.53312,-101.182835,4408.9,MGL22040055
5180,2022-05-30,07:55:18.400014,16.533099,-101.182104,16.532145,-101.18021,4416.5,MGL22040055
5181,2022-05-30,07:57:33.626013,16.532182,-101.179457,16.5312,-101.177578,4418.9,MGL22040055
5182,2022-05-30,07:59:37.747012,16.531149,-101.176863,16.530161,-101.174983,4419.3,MGL22040055
5183,2022-05-30,08:01:43.599014,16.530145,-101.174255,16.529192,-101.172356,4411.7,MGL22040055
5184,2022-05-30,08:03:50.039011,16.529182,-101.171628,16.52825,-101.169719,4417.1,MGL22040055
5185,2022-05-30,08:05:51.035010,16.528161,-101.169033,16.527237,-101.167116,4435.4,MGL22040055
5186,2022-05-30,08:08:10.996010,16.527193,-101.166398,16.526283,-101.164482,4446.6,MGL22040055
5187,2022-05-30,08:10:17.267025,16.526188,-101.163793,16.525294,-101.161868,4437.3,MGL22040055
5188,2022-05-30,08:12:24.194015,16.525245,-101.161158,16.524342,-101.159234,4436.6,MGL22040055
5189,2022-05-30,08:14:27.879011,16.52426,-101.158541,16.523364,-101.156614,4413.2,MGL22040055
5190,2022-05-30,08:16:36.269010,16.523275,-101.155917,16.522377,-101.153996,4407.5,MGL22040055
5191,2022-05-30,08:18:41.920012,16.522293,-101.153304,16.521404,-101.151374,4408.8,MGL22040055
5192,2022-05-30,08:20:49.680013,16.521335,-101.150673,16.520449,-101.148746,4386.4,MGL22040055
5193,2022-05-30,08:23:00.409012,16.520371,-101.148042,16.51947,-101.146123,4389.0,MGL22040055
5194,2022-05-30,08:25:04.567015,16.519367,-101.14543,16.518469,-101.14351,4364.8,MGL22040055
5195,2022-05-30,08:27:10.181015,16.518401,-101.142811,16.517501,-101.140885,4359.6,MGL22040055
5196,2022-05-30,08:29:15.511010,16.517432,-101.140188,16.516536,-101.13826,4383.9,MGL22040055
5197,2022-05-30,08:31:32.422007,16.516475,-101.137552,16.515553,-101.135641,4389.4,MGL22040055
5198,2022-05-30,08:33:41.279012,16.515515,-101.134926,16.514595,-101.133012,4389.3,MGL22040055
5199,2022-05-30,08:35:48.485015,16.514507,-101.132318,16.51357,-101.130409,4386.5,MGL22040055
5200,2022-05-30,08:37:53.478016,16.513494,-101.129715,16.512608,-101.127784,4391.3,MGL22040055
5201,2022-05-30,08:40:01.570008,16.512543,-101.127083,16.511653,-101.125152,4380.2,MGL22040055
5202,2022-05-30,08:42:15.964019,16.511588,-101.124447,16.510676,-101.122532,4369.4,MGL22040055
5203,2022-05-30,08:44:27.330011,16.510534,-101.121859,16.509638,-101.119934,4359.0,MGL22040055
5204,2022-05-30,08:46:30.774011,16.509556,-101.119247,16.508716,-101.117292,4348.9,MGL22040055
5205,2022-05-30,08:48:39.494013,16.508597,-101.116613,16.507742,-101.114669,4328.4,MGL22040055
5206,2022-05-30,08:50:43.061010,16.507596,-101.114001,16.506733,-101.112062,4309.6,MGL22040055
5207,2022-05-30,08:52:41.481013,16.506594,-101.111395,16.505774,-101.109432,4273.5,MGL22040055
5208,2022-05-30,08:54:44.786011,16.505654,-101.108756,16.504827,-101.106799,4239.8,MGL22040055
5209,2022-05-30,08:56:47.153011,16.504672,-101.106139,16.50382,-101.104189,4227.9,MGL22040055
5210,2022-05-30,08:58:46.783011,16.503693,-101.103517,16.50286,-101.101561,4220.8,MGL22040055
5211,2022-05-30,09:00:56.604010,16.502718,-101.100893,16.501885,-101.098941,4236.5,MGL22040055
5212,2022-05-30,09:03:05.638015,16.501752,-101.098269,16.500915,-101.096317,4241.5,MGL22040055
5213,2022-05-30,09:05:12.647011,16.50075,-101.095657,16.499907,-101.093707,4240.1,MGL22040055
5214,2022-05-30,09:07:20.939015,16.499765,-101.09304,16.498945,-101.091082,4254.7,MGL22040055
5215,2022-05-30,09:09:34.002035,16.498805,-101.090414,16.497988,-101.088451,4238.7,MGL22040055
5216,2022-05-30,09:11:41.808011,16.497844,-101.087786,16.496994,-101.085835,4269.6,MGL22040055
5217,2022-05-30,09:13:47.211016,16.496848,-101.085178,16.495996,-101.083227,4304.0,MGL22040055
5218,2022-05-30,09:16:01.244031,16.495857,-101.082555,16.495033,-101.080596,4325.2,MGL22040055
5219,2022-05-30,09:18:13.204012,16.494924,-101.079921,16.49409,-101.077963,4326.5,MGL22040055
5220,2022-05-30,09:20:29.673013,16.493923,-101.077303,16.493057,-101.075363,4344.9,MGL22040055
5221,2022-05-30,09:22:44.025015,16.492934,-101.074689,16.492111,-101.072731,4346.2,MGL22040055
5222,2022-05-30,09:24:51.213022,16.491963,-101.072065,16.491136,-101.070111,4353.0,MGL22040055
5223,2022-05-30,09:27:08.559014,16.490982,-101.069445,16.490141,-101.067496,4353.7,MGL22040055
5224,2022-05-30,09:29:16.970013,16.49,-101.066834,16.489181,-101.064867,4360.4,MGL22040055
5225,2022-05-30,09:31:23.711039,16.489019,-101.064208,16.488186,-101.062254,4350.7,MGL22040055
5226,2022-05-30,09:33:29.400014,16.488054,-101.061587,16.487239,-101.059622,4351.4,MGL22040055
5227,2022-05-30,09:35:35.698011,16.487049,-101.058975,16.48622,-101.057017,4344.9,MGL22040055
5228,2022-05-30,09:37:41.929010,16.486079,-101.056353,16.485268,-101.054387,4343.5,MGL22040055
5229,2022-05-30,09:39:47.165012,16.485095,-101.053735,16.484272,-101.051773,4349.1,MGL22040055
5230,2022-05-30,09:41:55.737011,16.484111,-101.051116,16.483285,-101.049156,4321.7,MGL22040055
5231,2022-05-30,09:44:01.139012,16.483154,-101.048487,16.482345,-101.046521,4313.2,MGL22040055
5232,2022-05-30,09:46:03.252013,16.482218,-101.045851,16.481379,-101.043895,4308.3,MGL22040055
5233,2022-05-30,09:48:11.943013,16.481231,-101.043231,16.480378,-101.041283,4291.1,MGL22040055
5234,2022-05-30,09:50:14.102010,16.480209,-101.040629,16.479377,-101.038671,4286.8,MGL22040055
5235,2022-05-30,09:52:20.000020,16.479234,-101.038005,16.478437,-101.036037,4291.5,MGL22040055
5236,2022-05-30,09:54:26.371015,16.478277,-101.035383,16.477454,-101.033418,4302.8,MGL22040055
5237,2022-05-30,09:56:28.779009,16.477283,-101.032768,16.476474,-101.030799,4309.3,MGL22040055
5238,2022-05-30,09:58:37.685010,16.476302,-101.030146,16.475485,-101.028181,4344.9,MGL22040055
5239,2022-05-30,10:00:47.607019,16.475326,-101.027528,16.474515,-101.025559,4341.3,MGL22040055
5240,2022-05-30,10:02:53.567014,16.47433,-101.024913,16.473505,-101.022952,4344.7,MGL22040055
5241,2022-05-30,10:04:57.217012,16.473326,-101.022303,16.472557,-101.020318,4357.7,MGL22040055
5242,2022-05-30,10:07:02.020015,16.472332,-101.019691,16.471555,-101.017708,4358.0,MGL22040055
5243,2022-05-30,10:09:10.311998,16.471351,-101.017081,16.470587,-101.015084,4359.5,MGL22040055
5244,2022-05-30,10:11:14.472013,16.470328,-101.014469,16.46958,-101.012475,4384.0,MGL22040055
5245,2022-05-30,10:13:21.602014,16.469363,-101.011857,16.468646,-101.009837,4383.0,MGL22040055
5246,2022-05-30,10:15:23.184014,16.46839,-101.009228,16.467666,-101.007218,4390.6,MGL22040055
5247,2022-05-30,10:17:26.310010,16.467407,-101.006608,16.466691,-101.004598,4395.7,MGL22040055
5248,2022-05-30,10:19:34.443011,16.466421,-101.003995,16.465679,-101.001989,4386.8,MGL22040055
5249,2022-05-30,10:21:41.729016,16.465435,-101.001374,16.464764,-100.999344,4402.9,MGL22040055
5250,2022-05-30,10:23:50.770016,16.464485,-100.998746,16.463755,-100.996738,4386.1,MGL22040055
5251,2022-05-30,10:25:55.628010,16.463494,-100.996127,16.462771,-100.994119,4347.3,MGL22040055
5252,2022-05-30,10:28:01.438011,16.462525,-100.993506,16.461817,-100.991489,4331.0,MGL22040055
5253,2022-05-30,10:30:10.848011,16.461552,-100.99088,16.4608,-100.988884,4344.9,MGL22040055
5254,2022-05-30,10:32:16.666016,16.460552,-100.988261,16.459832,-100.986264,4353.8,MGL22040055
5255,2022-05-30,10:34:31.697011,16.459598,-100.985637,16.458884,-100.983626,4338.1,MGL22040055
5256,2022-05-30,10:36:37.994012,16.458646,-100.983007,16.457899,-100.981012,4335.3,MGL22040055
5257,2022-05-30,10:38:42.469011,16.457646,-100.980396,16.456886,-100.978405,4326.4,MGL22040055
5258,2022-05-30,10:40:45.147010,16.456659,-100.977779,16.455932,-100.975775,4324.1,MGL22040055
5259,2022-05-30,10:42:43.419022,16.455701,-100.975148,16.454963,-100.973152,4321.0,MGL22040055
5260,2022-05-30,10:44:48.460013,16.454736,-100.972518,16.453974,-100.970532,4319.9,MGL22040055
5261,2022-05-30,10:46:54.883016,16.453697,-100.969924,16.452967,-100.967928,4332.5,MGL22040055
5262,2022-05-30,10:48:57.903032,16.452737,-100.9673,16.452004,-100.965302,4325.1,MGL22040055
5263,2022-05-30,10:51:00.459012,16.451729,-100.964689,16.451025,-100.962682,4212.6,MGL22040055
5264,2022-05-30,10:52:58.097011,16.450781,-100.962054,16.450078,-100.96005,4166.2,MGL22040055
5265,2022-05-30,10:55:10.663015,16.449777,-100.959441,16.449061,-100.957445,4229.0,MGL22040055
5266,2022-05-30,10:57:18.667015,16.448794,-100.956826,16.448084,-100.954826,4066.2,MGL22040055
5267,2022-05-30,10:59:26.290010,16.447817,-100.95421,16.44714,-100.952189,4073.3,MGL22040055
5268,2022-05-30,11:01:30.648019,16.446869,-100.951572,16.446165,-100.949571,4048.1,MGL22040055
5269,2022-05-30,11:03:36.186012,16.445879,-100.948967,16.445156,-100.946964,4031.8,MGL22040055
5270,2022-05-30,11:05:39.790011,16.444897,-100.946346,16.44418,-100.944341,4022.9,MGL22040055
5271,2022-05-30,11:07:43.545016,16.443916,-100.943726,16.443219,-100.941714,4010.6,MGL22040055
5272,2022-05-30,11:09:42.690011,16.442941,-100.941104,16.442222,-100.939102,4002.6,MGL22040055
5273,2022-05-30,11:11:48.547016,16.44195,-100.938491,16.441217,-100.936493,3986.7,MGL22040055
5274,2022-05-30,11:13:52.007026,16.440946,-100.935877,16.440256,-100.933866,3959.8,MGL22040055
5275,2022-05-30,11:16:04.286010,16.439969,-100.933265,16.439287,-100.931243,3962.9,MGL22040055
5276,2022-05-30,11:18:13.348013,16.439001,-100.930638,16.438313,-100.92862,3968.2,MGL22040055
5277,2022-05-30,11:20:12.930014,16.437991,-100.928026,16.437324,-100.926006,4027.1,MGL22040055
5278,2022-05-30,11:22:21.327015,16.437027,-100.925406,16.436361,-100.923379,4067.4,MGL22040055
5279,2022-05-30,11:24:30.209013,16.43604,-100.92279,16.435366,-100.920767,4102.6,MGL22040055
5280,2022-05-30,11:26:37.654011,16.435041,-100.920179,16.434389,-100.918145,4102.7,MGL22040055
5281,2022-05-30,11:28:52.762011,16.434075,-100.917552,16.433413,-100.915526,4103.0,MGL22040055
5282,2022-05-30,11:31:05.137009,16.433098,-100.914927,16.432452,-100.912899,4118.0,MGL22040055
5283,2022-05-30,11:33:07.411012,16.432128,-100.912309,16.431444,-100.910292,4106.2,MGL22040055
5284,2022-05-30,11:35:14.618011,16.431105,-100.909705,16.430449,-100.907679,4125.1,MGL22040055
5285,2022-05-30,11:37:17.662014,16.43016,-100.907063,16.429516,-100.905041,4136.6,MGL22040055
5286,2022-05-30,11:39:24.561012,16.4292,-100.904446,16.42852,-100.902429,4153.5,MGL22040055
5287,2022-05-30,11:41:28.510015,16.428182,-100.90184,16.427525,-100.899816,4164.2,MGL22040055
5288,2022-05-30,11:43:30.964012,16.427213,-100.899213,16.426574,-100.897185,4168.3,MGL22040055
5289,2022-05-30,11:45:39.041024,16.42625,-100.896592,16.425587,-100.894567,4202.6,MGL22040055
5290,2022-05-30,11:47:43.330012,16.425254,-100.893981,16.424601,-100.891952,4249.4,MGL22040055
5291,2022-05-30,11:49:50.146005,16.424277,-100.891361,16.423636,-100.889326,4259.0,MGL22040055
5292,2022-05-30,11:51:55.970018,16.423309,-100.888737,16.422652,-100.88671,4258.5,MGL22040055
5293,2022-05-30,11:53:59.874012,16.422333,-100.886117,16.421657,-100.884098,4268.9,MGL22040055
5294,2022-05-30,11:56:05.890011,16.421326,-100.883507,16.420663,-100.881485,4267.4,MGL22040055
5295,2022-05-30,11:58:10.163023,16.420342,-100.880893,16.419703,-100.878857,4273.0,MGL22040055
5296,2022-05-30,12:00:12.448031,16.419406,-100.878257,16.418745,-100.876231,4270.3,MGL22040055
5297,2022-05-30,12:02:23.436011,16.418433,-100.875635,16.417757,-100.873614,4273.6,MGL22040055
5298,2022-05-30,12:04:33.578015,16.417444,-100.873019,16.416763,-100.871001,4270.0,MGL22040055
5299,2022-05-30,12:06:44.138011,16.416445,-100.870408,16.415775,-100.868386,4261.3,MGL22040055
5300,2022-05-30,12:08:51.784012,16.415484,-100.867781,16.414832,-100.865751,4229.7,MGL22040055
5301,2022-05-30,12:10:59.078015,16.414497,-100.865166,16.413817,-100.863147,4269.2,MGL22040055
5302,2022-05-30,12:13:09.996014,16.4135,-100.862547,16.412853,-100.860523,4218.9,MGL22040055
5303,2022-05-30,12:15:20.873016,16.412544,-100.859926,16.411883,-100.8579,4233.0,MGL22040055
6304,2022-05-30,13:26:04.216012,16.411898,-100.857162,16.411271,-100.855132,4237.4,MGL22040065
6305,2022-05-30,13:28:25.880011,16.410774,-100.854606,16.409953,-100.852649,4220.2,MGL22040065
6306,2022-05-30,13:30:49.378012,16.409621,-100.852057,16.408944,-100.850043,4225.1,MGL22040065
6307,2022-05-30,13:33:15.148011,16.408636,-100.849444,16.407966,-100.847423,4227.7,MGL22040065
6308,2022-05-30,13:35:26.724012,16.407603,-100.846851,16.406941,-100.844822,4258.9,MGL22040065
6309,2022-05-30,13:37:31.866015,16.406612,-100.844229,16.405999,-100.842189,4274.9,MGL22040065
6310,2022-05-30,13:39:33.380014,16.405671,-100.841596,16.405021,-100.839568,4276.1,MGL22040065
6311,2022-05-30,13:41:38.592011,16.404686,-100.838983,16.404034,-100.836953,4261.1,MGL22040065
6312,2022-05-30,13:43:42.297009,16.403717,-100.83636,16.403047,-100.834337,4277.1,MGL22040065
6313,2022-05-30,13:45:49.050012,16.402729,-100.833743,16.402084,-100.831711,4287.4,MGL22040065
6314,2022-05-30,13:47:52.053010,16.401772,-100.831116,16.401103,-100.829094,4285.9,MGL22040065
6315,2022-05-30,13:49:56.827011,16.400809,-100.828491,16.400128,-100.826475,4300.5,MGL22040065
6316,2022-05-30,13:52:04.620011,16.399844,-100.82587,16.399135,-100.823859,4352.7,MGL22040065
6317,2022-05-30,13:54:09.967011,16.398849,-100.823253,16.398142,-100.821248,4332.1,MGL22040065
6318,2022-05-30,13:56:13.418011,16.397871,-100.820635,16.397174,-100.818624,4368.8,MGL22040065
6319,2022-05-30,13:58:23.893010,16.396888,-100.818018,16.396183,-100.816009,4373.1,MGL22040065
6320,2022-05-30,14:00:30.654022,16.395903,-100.8154,16.395211,-100.813387,4374.8,MGL22040065
6321,2022-05-30,14:02:30.039016,16.394917,-100.812781,16.394222,-100.810775,4383.1,MGL22040065
6322,2022-05-30,14:04:36.888010,16.39393,-100.810168,16.393251,-100.80815,4376.0,MGL22040065
6323,2022-05-30,14:06:40.165001,16.392932,-100.807562,16.392252,-100.805539,4408.2,MGL22040065
6324,2022-05-30,14:08:41.428012,16.39195,-100.804941,16.391282,-100.802918,4382.6,MGL22040065
6325,2022-05-30,14:10:44.684015,16.391001,-100.80231,16.390318,-100.800292,4393.4,MGL22040065
6326,2022-05-30,14:12:43.227012,16.389999,-100.799699,16.389315,-100.797685,4384.3,MGL22040065
6327,2022-05-30,14:14:49.193012,16.389022,-100.797077,16.388368,-100.79505,4393.9,MGL22040065
6328,2022-05-30,14:16:59.528014,16.388059,-100.794453,16.387368,-100.792439,4391.9,MGL22040065
6329,2022-05-30,14:19:07.593011,16.387077,-100.791837,16.386375,-100.789828,4388.7,MGL22040065
6330,2022-05-30,14:21:17.912015,16.386107,-100.789219,16.385408,-100.787205,4382.2,MGL22040065
6331,2022-05-30,14:23:21.645010,16.385108,-100.786607,16.384425,-100.784587,4381.8,MGL22040065
6332,2022-05-30,14:25:23.085012,16.384131,-100.783987,16.383445,-100.781968,4377.8,MGL22040065
6333,2022-05-30,14:27:27.190028,16.383147,-100.781372,16.382449,-100.779357,4386.5,MGL22040065
6334,2022-05-30,14:29:24.714011,16.382168,-100.778749,16.381478,-100.776736,4386.6,MGL22040065
6335,2022-05-30,14:31:24.837014,16.38117,-100.77614,16.380499,-100.774117,4382.6,MGL22040065
6336,2022-05-30,14:33:23.158011,16.380208,-100.773515,16.379524,-100.771496,4381.2,MGL22040065
6337,2022-05-30,14:35:20.475011,16.379225,-100.770891,16.378546,-100.768878,4384.8,MGL22040065
6338,2022-05-30,14:37:24.024012,16.378221,-100.768287,16.377548,-100.766265,4398.2,MGL22040065
6339,2022-05-30,14:39:24.621009,16.377262,-100.765661,16.376583,-100.763642,4396.2,MGL22040065
6340,2022-05-30,14:41:29.514012,16.37629,-100.76304,16.375593,-100.761028,4366.4,MGL22040065
6341,2022-05-30,14:43:33.339011,16.375289,-100.760433,16.374611,-100.75841,4363.0,MGL22040065
6342,2022-05-30,14:45:33.793009,16.374294,-100.757815,16.37363,-100.755792,4353.0,MGL22040065
6343,2022-05-30,14:47:33.759011,16.373321,-100.755197,16.372663,-100.753169,4346.8,MGL22040065
6344,2022-05-30,14:49:31.896012,16.372347,-100.752579,16.371657,-100.750561,4360.0,MGL22040065
6345,2022-05-30,14:51:36.084015,16.371338,-100.749968,16.370676,-100.747944,4374.4,MGL22040065
6346,2022-05-30,14:53:34.839013,16.370382,-100.747341,16.369715,-100.74532,4378.9,MGL22040065
6347,2022-05-30,14:55:35.177011,16.369378,-100.74473,16.368719,-100.742705,4381.7,MGL22040065
6348,2022-05-30,14:57:31.378015,16.368387,-100.742117,16.367735,-100.740089,4391.8,MGL22040065
6349,2022-05-30,14:59:31.398010,16.367378,-100.739509,16.36675,-100.737471,4387.4,MGL22040065
6350,2022-05-30,15:01:31.485013,16.366422,-100.736882,16.365789,-100.734847,4380.8,MGL22040065
6351,2022-05-30,15:03:32.181031,16.365421,-100.734274,16.36477,-100.732245,4379.3,MGL22040065
6352,2022-05-30,15:05:29.020012,16.364448,-100.731652,16.363816,-100.729616,4383.2,MGL22040065
6353,2022-05-30,15:07:27.068010,16.363453,-100.729038,16.362829,-100.727001,4378.1,MGL22040065
6354,2022-05-30,15:09:26.426011,16.362494,-100.726413,16.361865,-100.724377,4379.6,MGL22040065
6355,2022-05-30,15:11:27.902027,16.361511,-100.723796,16.360891,-100.721755,4371.9,MGL22040065
6356,2022-05-30,15:13:28.307002,16.360546,-100.721173,16.359898,-100.719143,4370.6,MGL22040065
6357,2022-05-30,15:15:28.710015,16.359558,-100.718559,16.358917,-100.716526,4363.3,MGL22040065
6358,2022-05-30,15:17:30.185011,16.358577,-100.715938,16.357937,-100.713907,4360.0,MGL22040065
6359,2022-05-30,15:19:30.319011,16.357604,-100.713322,16.356954,-100.711289,4355.5,MGL22040065
6360,2022-05-30,15:21:31.738009,16.356608,-100.710715,16.355954,-100.708683,4351.1,MGL22040065
6361,2022-05-30,15:23:30.334010,16.355613,-100.708103,16.354991,-100.706057,4349.3,MGL22040065
6362,2022-05-30,15:25:32.486031,16.354673,-100.705467,16.354022,-100.703433,4341.8,MGL22040065
6363,2022-05-30,15:27:31.078010,16.353705,-100.702847,16.353033,-100.70082,4344.2,MGL22040065
6364,2022-05-30,15:29:27.725011,16.352699,-100.700238,16.352042,-100.698206,4354.7,MGL22040065
6365,2022-05-30,15:31:25.731011,16.351707,-100.697622,16.351029,-100.695601,4347.2,MGL22040065
6366,2022-05-30,15:33:22.022016,16.350683,-100.695019,16.350063,-100.692977,4389.4,MGL22040065
6367,2022-05-30,15:35:17.575012,16.349738,-100.692389,16.349108,-100.690351,4371.8,MGL22040065
6368,2022-05-30,15:37:23.061015,16.348763,-100.689765,16.348119,-100.687735,4360.3,MGL22040065
6369,2022-05-30,15:39:25.013009,16.347765,-100.687154,16.347124,-100.685123,4367.6,MGL22040065
6370,2022-05-30,15:41:29.899010,16.346777,-100.684542,16.346138,-100.682507,4350.2,MGL22040065
6371,2022-05-30,15:43:33.019013,16.345799,-100.681922,16.345155,-100.679892,4329.8,MGL22040065
6372,2022-05-30,15:45:38.219014,16.344822,-100.679302,16.344187,-100.677269,4297.5,MGL22040065
6373,2022-05-30,15:47:39.998014,16.343851,-100.67668,16.343211,-100.67465,4293.7,MGL22040065
6374,2022-05-30,15:49:42.869011,16.342875,-100.674063,16.342214,-100.672038,4294.6,MGL22040065
6375,2022-05-30,15:51:41.645011,16.341881,-100.67145,16.341248,-100.669414,4289.5,MGL22040065
6376,2022-05-30,15:53:39.581011,16.340904,-100.66883,16.340263,-100.666799,4290.3,MGL22040065
6377,2022-05-30,15:55:35.882012,16.339916,-100.666218,16.339261,-100.66419,4279.9,MGL22040065
6378,2022-05-30,15:57:31.118013,16.338913,-100.663611,16.338279,-100.661573,4262.5,MGL22040065
6379,2022-05-30,15:59:28.266010,16.337936,-100.660992,16.337309,-100.658953,4158.2,MGL22040065
6380,2022-05-30,16:01:31.155009,16.336957,-100.658375,16.336318,-100.656339,4165.8,MGL22040065
6381,2022-05-30,16:03:35.119014,16.335969,-100.655757,16.335346,-100.653718,4206.0,MGL22040065
6382,2022-05-30,16:05:32.621011,16.33498,-100.653143,16.334348,-100.651106,4202.9,MGL22040065
6383,2022-05-30,16:07:23.988011,16.333996,-100.650528,16.333386,-100.648482,4118.3,MGL22040065
6384,2022-05-30,16:09:18.750011,16.333018,-100.64791,16.332401,-100.645866,4075.6,MGL22040065
6385,2022-05-30,16:11:17.822016,16.332051,-100.645283,16.331428,-100.643246,4043.9,MGL22040065
6386,2022-05-30,16:13:18.427013,16.331063,-100.64267,16.330431,-100.640635,4024.5,MGL22040065
6387,2022-05-30,16:15:17.508046,16.330084,-100.640055,16.329454,-100.638016,4063.5,MGL22040065
6388,2022-05-30,16:17:16.557013,16.329078,-100.637447,16.328456,-100.635406,4088.7,MGL22040065
6389,2022-05-30,16:19:13.097012,16.328098,-100.634827,16.327495,-100.632781,4087.2,MGL22040065
6390,2022-05-30,16:21:14.525012,16.327119,-100.632205,16.326501,-100.630166,4037.0,MGL22040065
6391,2022-05-30,16:23:15.996011,16.326127,-100.629593,16.32552,-100.627551,3988.5,MGL22040065
6392,2022-05-30,16:25:16.339009,16.325153,-100.626975,16.324552,-100.62493,3926.2,MGL22040065
6393,2022-05-30,16:27:16.991009,16.3242,-100.624344,16.323575,-100.62231,3828.0,MGL22040065
6394,2022-05-30,16:29:18.995013,16.32318,-100.621747,16.322544,-100.619712,3907.1,MGL22040065
6395,2022-05-30,16:31:19.056017,16.322213,-100.619119,16.321617,-100.617075,3897.6,MGL22040065
6396,2022-05-30,16:33:16.800015,16.321259,-100.616495,16.320596,-100.614472,3886.1,MGL22040065
6397,2022-05-30,16:35:16.280013,16.320242,-100.613892,16.319629,-100.611851,3900.5,MGL22040065
6398,2022-05-30,16:37:16.828013,16.31928,-100.61127,16.318652,-100.609232,3873.4,MGL22040065
6399,2022-05-30,16:39:17.530011,16.318292,-100.608655,16.317653,-100.606622,3878.7,MGL22040065
6400,2022-05-30,16:41:13.439010,16.317292,-100.606043,16.316673,-100.604005,3906.9,MGL22040065
6401,2022-05-30,16:43:16.047010,16.316322,-100.603421,16.315706,-100.601382,3951.3,MGL22040065
6402,2022-05-30,16:45:17.502011,16.315328,-100.600811,16.314689,-100.598779,3991.5,MGL22040065
6403,2022-05-30,16:47:20.683012,16.314337,-100.598198,16.313712,-100.596161,4032.8,MGL22040065
6404,2022-05-30,16:49:23.378013,16.313336,-100.595587,16.312714,-100.59355,4060.5,MGL22040065
6405,2022-05-30,16:51:26.047011,16.312334,-100.592977,16.311756,-100.590924,4099.5,MGL22040065
6406,2022-05-30,16:53:28.739010,16.311362,-100.590357,16.31078,-100.588307,4148.8,MGL22040065
6407,2022-05-30,16:55:26.938014,16.310394,-100.587735,16.309805,-100.585685,4223.1,MGL22040065
6408,2022-05-30,16:57:21.406008,16.309434,-100.585109,16.308823,-100.58307,4286.0,MGL22040065
6409,2022-05-30,16:59:21.674011,16.308431,-100.582502,16.307802,-100.580469,4331.9,MGL22040065
6410,2022-05-30,17:01:23.520011,16.307412,-100.579896,16.30684,-100.577844,4357.5,MGL22040065
6411,2022-05-30,17:03:25.233015,16.306458,-100.577271,16.305869,-100.575222,4387.1,MGL22040065
6412,2022-05-30,17:05:23.689012,16.305489,-100.57465,16.304893,-100.572606,4417.9,MGL22040065
6413,2022-05-30,17:07:23.844011,16.304519,-100.572029,16.303908,-100.569989,4419.4,MGL22040065
6414,2022-05-30,17:09:24.320031,16.303544,-100.569412,16.3029,-100.567383,4429.5,MGL22040065
6415,2022-05-30,17:11:25.839014,16.30253,-100.566807,16.301914,-100.564768,4557.2,MGL22040065
6416,2022-05-30,17:13:26.171036,16.301568,-100.564181,16.300958,-100.562142,4434.0,MGL22040065
6417,2022-05-30,17:15:24.190014,16.300606,-100.561561,16.29998,-100.559523,4427.8,MGL22040065
6418,2022-05-30,17:17:24.918011,16.299606,-100.558952,16.298962,-100.556921,4400.2,MGL22040065
6419,2022-05-30,17:19:27.126013,16.298596,-100.556342,16.298005,-100.554295,4365.7,MGL22040065
6420,2022-05-30,17:21:25.197017,16.297648,-100.553715,16.297015,-100.551681,4323.1,MGL22040065
6421,2022-05-30,17:23:22.971013,16.296659,-100.551102,16.296024,-100.549068,4294.1,MGL22040065
6422,2022-05-30,17:25:21.633011,16.295662,-100.548488,16.295047,-100.546451,4229.3,MGL22040065
6423,2022-05-30,17:27:21.396011,16.29471,-100.545859,16.294087,-100.543825,4184.6,MGL22040065
6424,2022-05-30,17:29:18.832011,16.293728,-100.543247,16.293078,-100.54122,4226.5,MGL22040065
6425,2022-05-30,17:31:16.817003,16.292748,-100.540628,16.292097,-100.538603,4238.9,MGL22040065
6426,2022-05-30,17:33:14.914012,16.291756,-100.538015,16.291108,-100.535989,4240.7,MGL22040065
6427,2022-05-30,17:35:13.475008,16.290797,-100.535391,16.290151,-100.533364,4250.3,MGL22040065
6428,2022-05-30,17:37:14.107015,16.289817,-100.532776,16.289143,-100.530759,4255.6,MGL22040065
6429,2022-05-30,17:39:15.743014,16.288848,-100.530152,16.288168,-100.528138,4268.3,MGL22040065
6430,2022-05-30,17:41:17.062011,16.287859,-100.52754,16.287168,-100.525531,4246.7,MGL22040065
6431,2022-05-30,17:43:21.015012,16.286882,-100.524922,16.286204,-100.522906,4234.4,MGL22040065
6432,2022-05-30,17:45:25.621011,16.285901,-100.522304,16.285212,-100.520294,4225.9,MGL22040065
6433,2022-05-30,17:47:27.576011,16.284909,-100.519696,16.284233,-100.517677,4227.1,MGL22040065
6434,2022-05-30,17:49:28.108014,16.283922,-100.517079,16.28325,-100.515059,4261.8,MGL22040065
6435,2022-05-30,17:51:31.021011,16.282957,-100.514456,16.282263,-100.512448,4281.6,MGL22040065
6436,2022-05-30,17:53:35.859016,16.281975,-100.511841,16.281278,-100.50983,4309.8,MGL22040065
6437,2022-05-30,17:55:36.461012,16.280976,-100.509232,16.280286,-100.50722,4309.1,MGL22040065
6438,2022-05-30,17:57:34.808010,16.279964,-100.506626,16.279293,-100.504606,4284.0,MGL22040065
6439,2022-05-30,17:59:35.450010,16.278963,-100.504017,16.278303,-100.501994,4277.1,MGL22040065
6440,2022-05-30,18:01:32.864017,16.277985,-100.501398,16.277344,-100.499369,4262.3,MGL22040065
6441,2022-05-30,18:03:30.637011,16.276996,-100.498786,16.276318,-100.49677,4238.6,MGL22040065
6442,2022-05-30,18:05:26.562013,16.275998,-100.496176,16.275374,-100.494139,4245.1,MGL22040065
6443,2022-05-30,18:07:24.126012,16.275032,-100.493554,16.274412,-100.491515,4267.5,MGL22040065
6444,2022-05-30,18:09:21.325013,16.274053,-100.490938,16.273382,-100.48892,4289.6,MGL22040065
6445,2022-05-30,18:11:19.555011,16.273047,-100.488332,16.272403,-100.4863,4297.1,MGL22040065
6446,2022-05-30,18:13:14.674017,16.272065,-100.485715,16.271424,-100.483685,4299.5,MGL22040065
6447,2022-05-30,18:15:11.864014,16.271057,-100.483108,16.270422,-100.481076,4304.4,MGL22040065
6448,2022-05-30,18:17:09.146013,16.270058,-100.480498,16.269449,-100.478457,4332.4,MGL22040065
6449,2022-05-30,18:19:02.900015,16.269086,-100.477879,16.268483,-100.475833,4316.7,MGL22040065
6450,2022-05-30,18:21:00.019017,16.268092,-100.475268,16.267483,-100.473224,4312.9,MGL22040065
6451,2022-05-30,18:22:59.933011,16.267083,-100.472659,16.266494,-100.470612,4305.8,MGL22040065
6452,2022-05-30,18:25:01.423011,16.266088,-100.470048,16.265506,-100.467998,4307.0,MGL22040065
6453,2022-05-30,18:26:58.762011,16.265081,-100.467441,16.264512,-100.465387,4297.5,MGL22040065
6454,2022-05-30,18:28:58.110015,16.264092,-100.464826,16.26355,-100.462763,4296.0,MGL22040065
6455,2022-05-30,18:30:56.858016,16.263132,-100.462202,16.262568,-100.460146,4303.0,MGL22040065
6456,2022-05-30,18:32:56.876010,16.262116,-100.459597,16.261584,-100.457531,4291.3,MGL22040065
6457,2022-05-30,18:34:53.765014,16.261146,-100.45698,16.260585,-100.454923,4289.4,MGL22040065
6458,2022-05-30,18:36:51.635011,16.260157,-100.454366,16.259592,-100.45231,4290.1,MGL22040065
6459,2022-05-30,18:38:49.565011,16.259169,-100.451752,16.258615,-100.449694,4298.3,MGL22040065
6460,2022-05-30,18:40:49.075013,16.258178,-100.44914,16.257635,-100.447077,4293.6,MGL22040065
6461,2022-05-30,18:42:44.845038,16.257203,-100.44652,16.256662,-100.444457,4316.0,MGL22040065
6462,2022-05-30,18:44:43.337011,16.256255,-100.443895,16.255681,-100.441841,4302.1,MGL22040065
6463,2022-05-30,18:46:41.845014,16.255265,-100.441281,16.254692,-100.439228,4309.9,MGL22040065
6464,2022-05-30,18:48:38.233011,16.254264,-100.438672,16.253706,-100.436614,4301.6,MGL22040065
6465,2022-05-30,18:50:33.842011,16.253285,-100.436055,16.2527,-100.434007,4314.2,MGL22040065
6466,2022-05-30,18:52:34.299009,16.252276,-100.433447,16.251723,-100.43139,4303.4,MGL22040065
6467,2022-05-30,18:54:32.814016,16.251308,-100.430829,16.250737,-100.428774,4311.4,MGL22040065
6468,2022-05-30,18:56:32.216015,16.250331,-100.428209,16.249772,-100.426153,4307.5,MGL22040065
6469,2022-05-30,18:58:31.129015,16.249345,-100.425598,16.248776,-100.423543,4306.7,MGL22040065
6470,2022-05-30,19:00:26.208011,16.24838,-100.422972,16.247804,-100.420924,4323.0,MGL22040065
6471,2022-05-30,19:02:19.800002,16.247399,-100.420361,16.246806,-100.418313,4313.8,MGL22040065
6472,2022-05-30,19:04:13.994010,16.24643,-100.417742,16.245827,-100.415696,4313.5,MGL22040065
6473,2022-05-30,19:06:06.691012,16.245429,-100.415134,16.244821,-100.413091,4299.9,MGL22040065
6474,2022-05-30,19:07:59.481012,16.244434,-100.412521,16.243844,-100.410472,4300.9,MGL22040065
6475,2022-05-30,19:09:55.637016,16.24345,-100.409907,16.242862,-100.407858,4328.8,MGL22040065
6476,2022-05-30,19:11:53.924011,16.242459,-100.407296,16.241885,-100.405239,4355.3,MGL22040065
6477,2022-05-30,19:13:50.069012,16.241489,-100.404673,16.240896,-100.402627,4379.8,MGL22040065
6478,2022-05-30,19:15:46.580998,16.240514,-100.402056,16.239901,-100.400015,4372.7,MGL22040065
6479,2022-05-30,19:17:43.235011,16.23951,-100.399448,16.238929,-100.397397,4369.5,MGL22040065
6480,2022-05-30,19:19:40.447015,16.238538,-100.396831,16.23793,-100.394788,4353.6,MGL22040065
6481,2022-05-30,19:21:36.275004,16.237561,-100.394212,16.236973,-100.392163,4339.3,MGL22040065
6482,2022-05-30,19:23:35.575010,16.236583,-100.391595,16.235959,-100.389561,4348.4,MGL22040065
6483,2022-05-30,19:25:34.738035,16.235592,-100.388983,16.23499,-100.386939,4374.5,MGL22040065
6484,2022-05-30,19:27:35.131014,16.234631,-100.386358,16.234019,-100.384319,4369.7,MGL22040065
6485,2022-05-30,19:29:34.829011,16.233668,-100.383738,16.233023,-100.381708,4339.1,MGL22040065
6486,2022-05-30,19:31:32.845016,16.232646,-100.381137,16.23201,-100.379105,4322.5,MGL22040065
6487,2022-05-30,19:33:30.029013,16.231657,-100.378526,16.231046,-100.376485,4310.2,MGL22040065
6488,2022-05-30,19:35:28.648014,16.230677,-100.375907,16.230056,-100.373872,4292.3,MGL22040065
6489,2022-05-30,19:37:28.987012,16.229685,-100.373297,16.229052,-100.371264,4288.4,MGL22040065
6490,2022-05-30,19:39:26.325016,16.228691,-100.370688,16.228071,-100.368648,4277.8,MGL22040065
6491,2022-05-30,19:41:22.979010,16.227717,-100.368068,16.227111,-100.366024,4287.6,MGL22040065
6492,2022-05-30,19:43:22.028013,16.226753,-100.365445,16.226131,-100.363407,4290.9,MGL22040065
6493,2022-05-30,19:45:22.703012,16.225731,-100.362845,16.225098,-100.360813,4316.3,MGL22040065
6494,2022-05-30,19:47:22.507013,16.224734,-100.360234,16.224132,-100.358191,4338.2,MGL22040065
6495,2022-05-30,19:49:20.241010,16.223754,-100.357617,16.223165,-100.355569,4329.7,MGL22040065
6496,2022-05-30,19:51:18.188015,16.222782,-100.355,16.222165,-100.352961,4357.4,MGL22040065
6497,2022-05-30,19:53:14.715017,16.221771,-100.352396,16.221161,-100.350354,4372.7,MGL22040065
6498,2022-05-30,19:55:11.229012,16.220784,-100.349778,16.220199,-100.347732,4378.3,MGL22040065
6499,2022-05-30,19:57:09.624011,16.219831,-100.347153,16.219216,-100.345117,4366.6,MGL22040065
6500,2022-05-30,19:59:11.090015,16.21883,-100.344546,16.218241,-100.342499,4355.9,MGL22040065
6501,2022-05-30,20:01:13.613011,16.217838,-100.341939,16.217212,-100.339902,4350.4,MGL22040065
6502,2022-05-30,20:03:15.218015,16.216804,-100.339339,16.21623,-100.337287,4350.9,MGL22040065
6503,2022-05-30,20:05:13.818011,16.215856,-100.336711,16.215277,-100.33466,4374.9,MGL22040065
6504,2022-05-30,20:07:14.077014,16.214868,-100.3341,16.214272,-100.332054,4383.4,MGL22040065
6505,2022-05-30,20:09:13.630009,16.213874,-100.331484,16.213296,-100.329438,4380.9,MGL22040065
6506,2022-05-30,20:11:17.797011,16.21288,-100.328876,16.212305,-100.326825,4349.8,MGL22040065
6507,2022-05-30,20:13:19.826011,16.21192,-100.326254,16.211305,-100.324215,4310.1,MGL22040065
6508,2022-05-30,20:15:22.599011,16.210882,-100.323656,16.210317,-100.321602,4347.9,MGL22040065
6509,2022-05-30,20:17:23.995016,16.209913,-100.321036,16.209356,-100.318979,4352.7,MGL22040065
6510,2022-05-30,20:19:29.365998,16.208938,-100.318422,16.208363,-100.316369,4351.2,MGL22040065
6511,2022-05-30,20:21:36.054015,16.20793,-100.315818,16.20736,-100.313763,4333.2,MGL22040065
6512,2022-05-30,20:23:41.496012,16.206953,-100.313198,16.206374,-100.311148,4369.3,MGL22040065
6513,2022-05-30,20:25:44.968012,16.205969,-100.310582,16.205412,-100.308525,4332.6,MGL22040065
6514,2022-05-30,20:27:48.195010,16.205011,-100.307961,16.204435,-100.305908,4336.6,MGL22040065
6515,2022-05-30,20:29:55.954014,16.203997,-100.305361,16.203397,-100.303316,4351.9,MGL22040065
6516,2022-05-30,20:32:02.555015,16.203,-100.302746,16.202439,-100.30069,4354.7,MGL22040065
6517,2022-05-30,20:34:05.025013,16.202028,-100.300129,16.201472,-100.298069,4353.3,MGL22040065
6518,2022-05-30,20:36:04.362013,16.201048,-100.297516,16.200465,-100.295465,4341.6,MGL22040065
6519,2022-05-30,20:38:04.797021,16.200032,-100.294915,16.199445,-100.292865,4353.8,MGL22040065
6520,2022-05-30,20:40:07.574016,16.19901,-100.29231,16.198473,-100.290247,4375.8,MGL22040065
6521,2022-05-30,20:42:20.350013,16.198054,-100.28968,16.197527,-100.287614,4387.1,MGL22040065
6522,2022-05-30,20:44:22.103011,16.197081,-100.287067,16.196512,-100.285014,4401.4,MGL22040065
6523,2022-05-30,20:46:22.571011,16.196095,-100.284452,16.19554,-100.282395,4406.9,MGL22040065
6524,2022-05-30,20:48:23.774012,16.195141,-100.281829,16.194553,-100.279782,4405.5,MGL22040065
6525,2022-05-30,20:50:24.005012,16.194142,-100.27922,16.193554,-100.277173,4406.8,MGL22040065
6526,2022-05-30,20:52:24.507010,16.193182,-100.276599,16.192587,-100.274552,4393.8,MGL22040065
6527,2022-05-30,20:54:26.083039,16.192191,-100.27399,16.191575,-100.27195,4399.7,MGL22040065
6528,2022-05-30,20:56:27.687010,16.191181,-100.271383,16.190589,-100.269336,4383.3,MGL22040065
6529,2022-05-30,20:58:32.454015,16.190194,-100.268765,16.189623,-100.266714,4382.6,MGL22040065
6530,2022-05-30,21:00:34.930015,16.18921,-100.266156,16.188609,-100.264113,4380.5,MGL22040065
6531,2022-05-30,21:02:38.707011,16.188195,-100.26355,16.187614,-100.261503,4381.9,MGL22040065
6532,2022-05-30,21:04:39.157010,16.187205,-100.260941,16.186643,-100.258884,4356.0,MGL22040065
6533,2022-05-30,21:06:40.857016,16.186226,-100.258322,16.185672,-100.256265,4360.8,MGL22040065
6534,2022-05-30,21:08:42.179011,16.185242,-100.255711,16.184679,-100.253654,4372.5,MGL22040065
6535,2022-05-30,21:10:44.869011,16.184241,-100.253102,16.183672,-100.251049,4375.0,MGL22040065
6536,2022-05-30,21:12:50.404015,16.183261,-100.250489,16.182694,-100.248433,4385.8,MGL22040065
6537,2022-05-30,21:14:52.021001,16.182285,-100.247869,16.181727,-100.245813,4391.5,MGL22040065
6538,2022-05-30,21:16:58.960013,16.181387,-100.245226,16.18075,-100.243195,4389.9,MGL22040065
6539,2022-05-30,21:19:03.425011,16.180375,-100.242623,16.179749,-100.24059,4386.0,MGL22040065
6540,2022-05-30,21:21:09.350016,16.179384,-100.240015,16.178741,-100.237983,4400.9,MGL22040065
6541,2022-05-30,21:23:11.854013,16.178383,-100.237407,16.177755,-100.235371,4400.3,MGL22040065
6542,2022-05-30,21:25:14.611011,16.177381,-100.234798,16.176772,-100.232756,4406.1,MGL22040065
6543,2022-05-30,21:27:17.784014,16.176394,-100.232184,16.175795,-100.230139,4411.3,MGL22040065
6544,2022-05-30,21:29:22.034012,16.175391,-100.229577,16.174787,-100.227535,4390.8,MGL22040065
6545,2022-05-30,21:31:26.809030,16.174403,-100.22696,16.173814,-100.224915,4383.6,MGL22040065
6546,2022-05-30,21:33:30.221012,16.173419,-100.224352,16.172814,-100.222308,4398.5,MGL22040065
6547,2022-05-30,21:35:32.311013,16.172435,-100.221734,16.171844,-100.219689,4413.6,MGL22040065
6548,2022-05-30,21:37:33.331011,16.17148,-100.219113,16.170871,-100.21707,4410.8,MGL22040065
6549,2022-05-30,21:39:37.783011,16.1705,-100.216498,16.169854,-100.214469,4417.3,MGL22040065
6550,2022-05-30,21:41:38.989010,16.169485,-100.213893,16.168856,-100.211862,4419.7,MGL22040065
6551,2022-05-30,21:43:38.746006,16.168539,-100.211266,16.167912,-100.209232,4413.1,MGL22040065
6552,2022-05-30,21:45:36.686011,16.167565,-100.208648,16.166928,-100.206618,4421.1,MGL22040065
6553,2022-05-30,21:47:33.625016,16.166593,-100.206033,16.16592,-100.204014,4417.8,MGL22040065
6554,2022-05-30,21:49:29.826016,16.165581,-100.203429,16.16493,-100.201403,4397.6,MGL22040065
6555,2022-05-30,21:51:26.804000,16.164603,-100.200813,16.163965,-100.19878,4397.5,MGL22040065
6556,2022-05-30,21:53:23.617011,16.16364,-100.198194,16.162942,-100.196183,4387.1,MGL22040065
6557,2022-05-30,21:55:21.389016,16.16263,-100.195586,16.161966,-100.193566,4306.7,MGL22040065
6558,2022-05-30,21:57:19.302011,16.161648,-100.192975,16.160992,-100.190949,4304.5,MGL22040065
6559,2022-05-30,21:59:19.440006,16.16069,-100.19035,16.160017,-100.188331,4289.2,MGL22040065
6560,2022-05-30,22:01:21.907010,16.159691,-100.187742,16.158986,-100.185736,4278.4,MGL22040065
6561,2022-05-30,22:03:23.721010,16.158695,-100.185134,16.158011,-100.183118,4278.3,MGL22040065
6562,2022-05-30,22:05:22.677012,16.157724,-100.182515,16.157031,-100.180503,4384.0,MGL22040065
6563,2022-05-30,22:07:23.245014,16.156697,-100.179916,16.156023,-100.177898,4319.8,MGL22040065
6564,2022-05-30,22:09:24.536015,16.155701,-100.177307,16.155033,-100.175287,4328.2,MGL22040065
6565,2022-05-30,22:11:23.448013,16.154692,-100.174703,16.154038,-100.172678,4289.8,MGL22040065
6566,2022-05-30,22:13:20.901012,16.153704,-100.172091,16.153065,-100.17006,4271.6,MGL22040065
6567,2022-05-30,22:15:19.303011,16.152725,-100.169472,16.152088,-100.167444,4253.7,MGL22040065
6568,2022-05-30,22:17:19.424010,16.15177,-100.166847,16.151098,-100.164833,4250.1,MGL22040065
6569,2022-05-30,22:19:20.900015,16.150753,-100.16425,16.15009,-100.162229,4262.9,MGL22040065
6570,2022-05-30,22:21:20.847011,16.149784,-100.161629,16.149145,-100.159599,4312.2,MGL22040065
6571,2022-05-30,22:23:20.002016,16.148833,-100.159005,16.148153,-100.156989,4310.8,MGL22040065
6572,2022-05-30,22:25:22.988010,16.147833,-100.156398,16.147139,-100.154386,4309.6,MGL22040065
6573,2022-05-30,22:27:23.277008,16.146833,-100.15379,16.146145,-100.151778,4317.6,MGL22040065
6574,2022-05-30,22:29:22.144011,16.145841,-100.151182,16.145163,-100.149163,4315.5,MGL22040065
6575,2022-05-30,22:31:20.931011,16.144856,-100.148567,16.144182,-100.146548,4304.0,MGL22040065
6576,2022-05-30,22:33:20.524014,16.143846,-100.145962,16.143173,-100.143946,4292.8,MGL22040065
6577,2022-05-30,22:35:20.700014,16.142864,-100.143349,16.142205,-100.141325,4295.5,MGL22040065
6578,2022-05-30,22:37:16.677013,16.141872,-100.140736,16.141203,-100.138717,4278.3,MGL22040065
6579,2022-05-30,22:39:11.376014,16.140848,-100.138141,16.140192,-100.136116,4274.7,MGL22040065
6580,2022-05-30,22:41:06.690012,16.139859,-100.135528,16.13922,-100.133498,4280.2,MGL22040065
6581,2022-05-30,22:43:03.134010,16.138867,-100.132917,16.138243,-100.130882,4273.4,MGL22040065
6582,2022-05-30,22:44:58.321998,16.137904,-100.130297,16.137262,-100.128268,4259.5,MGL22040065
6583,2022-05-30,22:46:54.915013,16.136922,-100.127681,16.136275,-100.125654,4236.5,MGL22040065
6584,2022-05-30,22:48:48.261011,16.135916,-100.125079,16.13526,-100.123053,4261.0,MGL22040065
6585,2022-05-30,22:50:46.178011,16.134894,-100.122477,16.134273,-100.120441,4250.0,MGL22040065
6586,2022-05-30,22:52:46.302010,16.13391,-100.119862,16.133284,-100.11783,4284.7,MGL22040065
6587,2022-05-30,22:54:42.937011,16.132939,-100.117245,16.132332,-100.115204,4321.8,MGL22040065
6588,2022-05-30,22:56:38.995012,16.131975,-100.114624,16.131337,-100.112594,4338.0,MGL22040065
6589,2022-05-30,22:58:36.526011,16.130978,-100.112017,16.130332,-100.109989,4344.5,MGL22040065
6590,2022-05-30,23:00:35.174014,16.129967,-100.109415,16.129328,-100.107385,4330.2,MGL22040065
6591,2022-05-30,23:02:35.815014,16.128976,-100.106801,16.128345,-100.10477,4330.5,MGL22040065
6592,2022-05-30,23:04:35.276011,16.127998,-100.104188,16.127359,-100.102159,4352.5,MGL22040065
6593,2022-05-30,23:06:35.816011,16.127039,-100.101564,16.1264,-100.099535,4385.3,MGL22040065
6594,2022-05-30,23:08:35.871017,16.126029,-100.098965,16.125372,-100.096938,4391.9,MGL22040065
6595,2022-05-30,23:10:33.365010,16.125026,-100.096359,16.12438,-100.094328,4387.8,MGL22040065
6596,2022-05-30,23:12:30.516007,16.124023,-100.093749,16.123401,-100.091713,4408.4,MGL22040065
6597,2022-05-30,23:14:32.745013,16.123046,-100.091132,16.122409,-100.089103,4427.9,MGL22040065
6598,2022-05-30,23:16:37.763004,16.122049,-100.088523,16.121441,-100.086483,4424.0,MGL22040065
6599,2022-05-30,23:18:38.792011,16.121076,-100.085908,16.120432,-100.083882,4422.4,MGL22040065
6600,2022-05-30,23:20:40.820013,16.120075,-100.083301,16.119449,-100.081267,4425.8,MGL22040065
6601,2022-05-30,23:22:42.070011,16.119116,-100.08068,16.118463,-100.078655,4446.5,MGL22040065
6602,2022-05-30,23:24:42.855013,16.118118,-100.078071,16.117474,-100.076043,4411.7,MGL22040065
6603,2022-05-30,23:26:42.262011,16.117136,-100.075456,16.116502,-100.073424,4410.5,MGL22040065
6604,2022-05-30,23:28:41.961015,16.116156,-100.072846,16.1155,-100.070821,4398.7,MGL22040065
6605,2022-05-30,23:30:42.659016,16.115157,-100.070237,16.114493,-100.068216,4388.1,MGL22040065
6606,2022-05-30,23:32:42.842017,16.114162,-100.067628,16.11352,-100.065598,4353.5,MGL22040065
6607,2022-05-30,23:34:39.390013,16.113168,-100.065019,16.112514,-100.062994,4364.1,MGL22040065
6608,2022-05-30,23:36:39.341011,16.112184,-100.062405,16.111525,-100.060384,4374.5,MGL22040065
6609,2022-05-30,23:38:38.607013,16.111184,-100.059797,16.11054,-100.05777,4361.6,MGL22040065
6610,2022-05-30,23:40:39.112010,16.110237,-100.05717,16.109588,-100.055144,4370.8,MGL22040065
6611,2022-05-30,23:42:38.441010,16.109242,-100.054564,16.108553,-100.052551,4372.9,MGL22040065
6612,2022-05-30,23:44:38.894011,16.108228,-100.051962,16.107563,-100.049941,4382.4,MGL22040065
6613,2022-05-30,23:46:38.742009,16.107233,-100.049352,16.106587,-100.047324,4387.3,MGL22040065
6614,2022-05-30,23:48:39.032016,16.106247,-100.04674,16.105592,-100.044715,4383.6,MGL22040065
6615,2022-05-30,23:50:36.141011,16.105265,-100.044128,16.104615,-100.0421,4386.8,MGL22040065
6616,2022-05-30,23:52:34.084016,16.104271,-100.041519,16.103611,-100.039494,4378.2,MGL22040065
6617,2022-05-30,23:54:32.303010,16.103283,-100.038907,16.102619,-100.036885,4381.4,MGL22040065
6618,2022-05-30,23:56:31.603010,16.102292,-100.036297,16.101643,-100.034269,4377.3,MGL22040065
6619,2022-05-30,23:58:30.934012,16.101347,-100.033665,16.100672,-100.03165,4389.3,MGL22040065
6620,2022-05-31,00:00:34.624011,16.100344,-100.031064,16.099665,-100.029046,4381.2,MGL22040065
6621,2022-05-31,00:02:35.101011,16.099353,-100.028454,16.098673,-100.026436,4375.9,MGL22040065
6622,2022-05-31,00:04:35.478011,16.098366,-100.025842,16.097684,-100.023826,4381.2,MGL22040065
6623,2022-05-31,00:06:35.572017,16.097367,-100.023235,16.096666,-100.021226,4390.4,MGL22040065
6624,2022-05-31,00:08:36.398010,16.096384,-100.02062,16.095723,-100.018597,4398.5,MGL22040065
6625,2022-05-31,00:10:38.551016,16.095393,-100.018013,16.094686,-100.016006,4393.8,MGL22040065
6626,2022-05-31,00:12:44.993015,16.094407,-100.015399,16.093728,-100.013381,4402.8,MGL22040065
6627,2022-05-31,00:14:45.084013,16.093432,-100.012782,16.092735,-100.010772,4388.2,MGL22040065
6628,2022-05-31,00:16:47.764011,16.092421,-100.010181,16.09172,-100.008172,4411.7,MGL22040065
6629,2022-05-31,00:18:47.838011,16.091412,-100.007578,16.090739,-100.005559,4399.2,MGL22040065
6630,2022-05-31,00:20:48.470013,16.090436,-100.004962,16.089767,-100.002941,4388.1,MGL22040065
6631,2022-05-31,00:22:51.759015,16.08946,-100.002345,16.088775,-100.00033,4394.8,MGL22040065
6632,2022-05-31,00:24:55.067018,16.088502,-99.999723,16.087786,-99.997721,4396.1,MGL22040065
6633,2022-05-31,00:26:57.876010,16.087522,-99.997112,16.086794,-99.995112,4387.5,MGL22040065
6634,2022-05-31,00:29:02.073011,16.086514,-99.994506,16.085816,-99.992496,4400.1,MGL22040065
6635,2022-05-31,00:31:05.473010,16.085549,-99.991884,16.084815,-99.989889,4389.1,MGL22040065
6636,2022-05-31,00:33:09.234009,16.084561,-99.989274,16.083813,-99.987284,4366.9,MGL22040065
6637,2022-05-31,00:35:13.812011,16.083522,-99.986682,16.082799,-99.984683,4368.5,MGL22040065
6638,2022-05-31,00:37:19.426015,16.082542,-99.984068,16.081855,-99.982054,4363.0,MGL22040065
6639,2022-05-31,00:39:24.723012,16.081603,-99.981439,16.080866,-99.979444,4372.9,MGL22040065
6640,2022-05-31,00:41:29.562010,16.080563,-99.978857,16.079835,-99.976851,4377.1,MGL22040065
6641,2022-05-31,00:43:34.318011,16.079597,-99.976236,16.078886,-99.974222,4363.2,MGL22040065
6642,2022-05-31,00:45:37.944010,16.078624,-99.973621,16.077876,-99.971621,4348.7,MGL22040065
6643,2022-05-31,00:47:42.081012,16.077615,-99.971015,16.076891,-99.969009,4359.7,MGL22040065
6644,2022-05-31,00:49:47.106998,16.076638,-99.9684,16.075888,-99.966404,4345.6,MGL22040065
6645,2022-05-31,00:51:54.808011,16.075604,-99.965808,16.074885,-99.963798,4339.6,MGL22040065
6646,2022-05-31,00:54:00.867013,16.074619,-99.96319,16.073922,-99.961177,4325.2,MGL22040065
6647,2022-05-31,00:56:06.837014,16.073638,-99.960576,16.072903,-99.958579,4325.8,MGL22040065
6648,2022-05-31,00:58:13.397014,16.072608,-99.957981,16.071901,-99.955974,4329.5,MGL22040065
6649,2022-05-31,01:00:18.706014,16.071624,-99.955364,16.07096,-99.953343,4318.7,MGL22040065
6650,2022-05-31,01:02:24.202010,16.07065,-99.952747,16.06995,-99.950741,4298.9,MGL22040065
6651,2022-05-31,01:04:28.211016,16.069638,-99.950147,16.068942,-99.948139,4303.7,MGL22040065
6652,2022-05-31,01:06:31.648010,16.068657,-99.947531,16.067965,-99.945523,4289.5,MGL22040065
6653,2022-05-31,01:08:34.372036,16.067686,-99.944916,16.066971,-99.942914,4310.7,MGL22040065
6654,2022-05-31,01:10:37.550016,16.066703,-99.942303,16.065996,-99.940299,4306.5,MGL22040065
6655,2022-05-31,01:12:43.535013,16.065731,-99.939685,16.06501,-99.937686,4307.7,MGL22040065
6656,2022-05-31,01:14:47.290011,16.064711,-99.937088,16.063991,-99.935088,4297.5,MGL22040065
6657,2022-05-31,01:16:50.484012,16.063734,-99.934472,16.063008,-99.932475,4312.1,MGL22040065
6658,2022-05-31,01:18:52.897010,16.062722,-99.931872,16.062025,-99.929862,4312.9,MGL22040065
6659,2022-05-31,01:20:56.409014,16.061731,-99.929262,16.061004,-99.927264,4310.5,MGL22040065
6660,2022-05-31,01:23:00.271010,16.060742,-99.926651,16.060046,-99.924642,4303.7,MGL22040065
6661,2022-05-31,01:25:03.791017,16.05977,-99.924036,16.059055,-99.922033,4292.7,MGL22040065
6662,2022-05-31,01:27:08.123013,16.058762,-99.921431,16.058043,-99.919432,4283.3,MGL22040065
6663,2022-05-31,01:29:12.131010,16.057788,-99.918815,16.057083,-99.916809,4273.2,MGL22040065
6664,2022-05-31,01:31:14.328015,16.056794,-99.916206,16.056074,-99.914207,4266.3,MGL22040065
6665,2022-05-31,01:33:17.969018,16.055808,-99.913596,16.055063,-99.911605,4263.5,MGL22040065
6666,2022-05-31,01:35:21.599010,16.054789,-99.910997,16.054081,-99.908992,4266.4,MGL22040065
6667,2022-05-31,01:37:25.620011,16.053824,-99.908377,16.053113,-99.906373,4280.6,MGL22040065
6668,2022-05-31,01:39:29.205006,16.052838,-99.905765,16.052116,-99.903766,4380.4,MGL22040065
6669,2022-05-31,01:41:32.423011,16.051862,-99.903151,16.05112,-99.901159,4309.8,MGL22040065
6670,2022-05-31,01:43:36.569016,16.050859,-99.900545,16.050109,-99.898557,4309.1,MGL22040065
6671,2022-05-31,01:45:39.096005,16.049874,-99.897933,16.049138,-99.89594,4308.3,MGL22040065
6672,2022-05-31,01:47:40.344011,16.048882,-99.895325,16.048136,-99.893335,4304.3,MGL22040065
6673,2022-05-31,01:49:43.121010,16.047898,-99.892709,16.047169,-99.890715,4306.5,MGL22040065
6674,2022-05-31,01:51:45.933011,16.046916,-99.890098,16.046154,-99.888115,4301.5,MGL22040065
6675,2022-05-31,01:53:47.930016,16.045938,-99.887484,16.045172,-99.885502,4299.2,MGL22040065
6676,2022-05-31,01:55:48.839015,16.044907,-99.884892,16.044151,-99.882906,4298.7,MGL22040065
6677,2022-05-31,01:57:49.903010,16.043915,-99.882283,16.043188,-99.880284,4289.2,MGL22040065
6678,2022-05-31,01:59:50.198014,16.042939,-99.879666,16.042214,-99.877668,4300.9,MGL22040065
6679,2022-05-31,02:01:52.403016,16.041987,-99.877041,16.041202,-99.875067,4297.1,MGL22040065
6680,2022-05-31,02:03:51.867014,16.040953,-99.874449,16.040185,-99.872468,4283.5,MGL22040065
6681,2022-05-31,02:05:51.451011,16.039934,-99.871851,16.039209,-99.869853,4284.5,MGL22040065
6682,2022-05-31,02:07:53.831011,16.039002,-99.869217,16.038257,-99.867227,4279.6,MGL22040065
6683,2022-05-31,02:09:55.447016,16.037997,-99.866615,16.037218,-99.864638,4272.6,MGL22040065
6684,2022-05-31,02:11:59.194010,16.036954,-99.864025,16.036214,-99.862034,4269.6,MGL22040065
6685,2022-05-31,02:14:01.859011,16.035982,-99.861409,16.035261,-99.859408,4270.5,MGL22040065
6686,2022-05-31,02:16:03.134012,16.034999,-99.858796,16.034263,-99.856802,4268.4,MGL22040065
6687,2022-05-31,02:18:04.917012,16.034021,-99.856183,16.033258,-99.854199,4282.1,MGL22040065
6688,2022-05-31,02:20:05.242014,16.032995,-99.853588,16.032264,-99.85159,4289.3,MGL22040065
6689,2022-05-31,02:22:05.643012,16.032009,-99.850975,16.03129,-99.848975,4326.6,MGL22040065
6690,2022-05-31,02:24:05.979011,16.031044,-99.848356,16.030293,-99.846368,4310.0,MGL22040065
6691,2022-05-31,02:26:07.117014,16.030031,-99.845757,16.029277,-99.843768,4316.1,MGL22040065
6692,2022-05-31,02:28:10.585015,16.029032,-99.843153,16.028317,-99.841147,4310.2,MGL22040065
6693,2022-05-31,02:30:14.352015,16.02807,-99.840533,16.027317,-99.838542,4319.5,MGL22040065
6694,2022-05-31,02:32:17.721013,16.027093,-99.837919,16.026338,-99.835927,4311.8,MGL22040065
6695,2022-05-31,02:34:19.498011,16.026081,-99.835319,16.025323,-99.833328,4306.6,MGL22040065
6696,2022-05-31,02:36:23.549017,16.025061,-99.832719,16.024308,-99.830728,4315.5,MGL22040065
6697,2022-05-31,02:38:25.169011,16.024075,-99.830105,16.023325,-99.828116,4329.7,MGL22040065
6698,2022-05-31,02:40:26.263999,16.023088,-99.827496,16.02235,-99.825501,4323.1,MGL22040065
6699,2022-05-31,02:42:28.318014,16.022099,-99.824883,16.021366,-99.822888,4325.9,MGL22040065
6700,2022-05-31,02:44:30.795010,16.021135,-99.822262,16.020358,-99.820286,4320.4,MGL22040065
6701,2022-05-31,02:46:31.505014,16.020101,-99.81967,16.019347,-99.817685,4297.6,MGL22040065
6702,2022-05-31,02:48:33.172012,16.019097,-99.817068,16.018367,-99.815072,4240.2,MGL22040065
6703,2022-05-31,02:50:35.213015,16.018123,-99.81445,16.017395,-99.812454,4201.0,MGL22040065
6704,2022-05-31,02:52:36.297013,16.017127,-99.811842,16.0164,-99.809847,4191.2,MGL22040065
6705,2022-05-31,02:54:36.881016,16.016173,-99.809218,16.015421,-99.807233,4201.1,MGL22040065
6706,2022-05-31,02:56:38.721011,16.015172,-99.806613,16.014408,-99.804633,4225.2,MGL22040065
6707,2022-05-31,02:58:40.339010,16.014175,-99.804009,16.013402,-99.80203,4237.3,MGL22040065
6708,2022-05-31,03:00:41.456013,16.013162,-99.801407,16.012415,-99.799418,4267.9,MGL22040065
6709,2022-05-31,03:02:41.284010,16.012173,-99.798798,16.011437,-99.796805,4278.8,MGL22040065
6710,2022-05-31,03:04:39.119016,16.011196,-99.796183,16.010438,-99.7942,4282.8,MGL22040065
6711,2022-05-31,03:06:36.057014,16.010212,-99.793572,16.009457,-99.791587,4269.1,MGL22040065
6712,2022-05-31,03:08:34.564013,16.009233,-99.790956,16.008452,-99.788983,4265.2,MGL22040065
6713,2022-05-31,03:10:33.806019,16.008217,-99.788359,16.007437,-99.786383,4260.4,MGL22040065
6714,2022-05-31,03:12:32.917010,16.007205,-99.785759,16.006461,-99.783769,4293.5,MGL22040065
6715,2022-05-31,03:14:30.706011,16.006223,-99.783146,16.005467,-99.781161,4315.0,MGL22040065
6716,2022-05-31,03:16:28.656010,16.005233,-99.780538,16.00448,-99.77855,4349.0,MGL22040065
6717,2022-05-31,03:18:25.075016,16.004231,-99.777929,16.003478,-99.775946,4349.8,MGL22040065
6718,2022-05-31,03:20:20.306009,16.003201,-99.775336,16.002479,-99.773341,4370.4,MGL22040065
6719,2022-05-31,03:22:15.504015,16.002212,-99.77273,16.001495,-99.770729,4374.3,MGL22040065
6720,2022-05-31,03:24:11.471027,16.001216,-99.77012,16.000504,-99.768119,4384.8,MGL22040065
6721,2022-05-31,03:26:07.536010,16.000253,-99.767498,15.999531,-99.765503,4378.2,MGL22040065
6722,2022-05-31,03:28:03.340013,15.999296,-99.764873,15.998523,-99.762901,4378.9,MGL22040065
6723,2022-05-31,03:29:59.672016,15.99831,-99.762263,15.997536,-99.760292,4389.8,MGL22040065
6724,2022-05-31,03:31:55.354022,15.997307,-99.759663,15.996536,-99.757687,4377.4,MGL22040065
6725,2022-05-31,03:33:51.118013,15.996289,-99.757066,15.995518,-99.755087,4362.0,MGL22040065
6726,2022-05-31,03:35:46.429014,15.995291,-99.754457,15.994547,-99.752471,4371.5,MGL22040065
6727,2022-05-31,03:37:40.509026,15.994303,-99.751851,15.993548,-99.749865,4378.6,MGL22040065
6728,2022-05-31,03:39:34.838011,15.993312,-99.749247,15.992551,-99.74726,4381.8,MGL22040065
6729,2022-05-31,03:41:28.572015,15.992336,-99.746633,15.991576,-99.744644,4384.9,MGL22040065
6730,2022-05-31,03:43:21.627011,15.991353,-99.744019,15.990575,-99.742038,4385.3,MGL22040065
6731,2022-05-31,03:45:14.550013,15.990339,-99.74142,15.989572,-99.739435,4379.3,MGL22040065
6732,2022-05-31,03:47:06.220016,15.989335,-99.738815,15.988575,-99.736829,4371.9,MGL22040065
6733,2022-05-31,03:48:59.845011,15.988343,-99.736207,15.987603,-99.734212,4368.1,MGL22040065
6734,2022-05-31,03:50:53.979016,15.987362,-99.733596,15.986587,-99.731615,4356.8,MGL22040065
6735,2022-05-31,03:52:48.331011,15.986347,-99.730997,15.985592,-99.729008,4357.2,MGL22040065
6736,2022-05-31,03:54:42.783011,15.985347,-99.728392,15.984595,-99.726401,4364.3,MGL22040065
6737,2022-05-31,03:56:36.510015,15.984345,-99.725788,15.983602,-99.723793,4329.0,MGL22040065
6738,2022-05-31,03:58:31.176028,15.983345,-99.723182,15.982612,-99.721184,4258.7,MGL22040065
6739,2022-05-31,04:00:25.333002,15.982354,-99.720572,15.981628,-99.718573,4230.2,MGL22040065
6740,2022-05-31,04:02:19.748010,15.981363,-99.717964,15.980636,-99.715964,4209.1,MGL22040065
6741,2022-05-31,04:04:12.602009,15.980392,-99.715348,15.979645,-99.713357,4227.3,MGL22040065
6742,2022-05-31,04:06:06.483009,15.979398,-99.71274,15.978634,-99.710756,4202.7,MGL22040065
6743,2022-05-31,04:08:01.276015,15.978397,-99.710137,15.977642,-99.708147,4185.1,MGL22040065
6744,2022-05-31,04:09:55.290011,15.977397,-99.707532,15.976645,-99.705541,4133.6,MGL22040065
6745,2022-05-31,04:11:49.333011,15.976382,-99.70493,15.975644,-99.702936,4170.4,MGL22040065
6746,2022-05-31,04:13:43.192016,15.975402,-99.702317,15.974682,-99.700316,4178.8,MGL22040065
6747,2022-05-31,04:15:36.092013,15.974391,-99.699719,15.973658,-99.697721,4164.2,MGL22040065
6748,2022-05-31,04:17:28.617013,15.973388,-99.697114,15.972664,-99.695114,4154.1,MGL22040065
6749,2022-05-31,04:19:21.834013,15.972402,-99.694503,15.971684,-99.692502,4143.1,MGL22040065
6750,2022-05-31,04:21:16.899015,15.971408,-99.691896,15.970691,-99.689893,4153.8,MGL22040065
6751,2022-05-31,04:23:14.004017,15.9704,-99.689291,15.969683,-99.687291,4148.5,MGL22040065
6752,2022-05-31,04:25:12.253032,15.969419,-99.68668,15.968715,-99.684673,4148.5,MGL22040065
6753,2022-05-31,04:27:09.993016,15.96843,-99.684071,15.967705,-99.682073,4128.2,MGL22040065
6754,2022-05-31,04:29:06.829011,15.96742,-99.68147,15.966704,-99.679469,4142.4,MGL22040065
6755,2022-05-31,04:31:02.606011,15.966444,-99.678855,15.965718,-99.676858,4236.5,MGL22040065
6756,2022-05-31,04:32:58.931011,15.965451,-99.676246,15.96475,-99.674239,4264.8,MGL22040065
6757,2022-05-31,04:34:56.404011,15.964474,-99.673632,15.963722,-99.671647,4266.9,MGL22040065
6758,2022-05-31,04:36:51.372008,15.96346,-99.671036,15.962726,-99.66904,4277.0,MGL22040065
6759,2022-05-31,04:38:47.107015,15.962454,-99.668431,15.961737,-99.666431,4268.4,MGL22040065
6760,2022-05-31,04:40:44.330024,15.96147,-99.665818,15.960758,-99.663817,4268.5,MGL22040065
6761,2022-05-31,04:42:39.644011,15.960492,-99.663204,15.959756,-99.661213,4271.5,MGL22040065
6762,2022-05-31,04:44:34.040016,15.959461,-99.660614,15.958737,-99.658618,4262.7,MGL22040065
6763,2022-05-31,04:46:28.335010,15.958477,-99.658002,15.957771,-99.655998,4269.0,MGL22040065
6764,2022-05-31,04:48:23.797020,15.957495,-99.655392,15.956771,-99.653394,4251.5,MGL22040065
6765,2022-05-31,04:50:18.791016,15.95651,-99.652777,15.955772,-99.650789,4204.2,MGL22040065
6766,2022-05-31,04:52:13.604014,15.9555,-99.650179,15.954767,-99.648186,4252.8,MGL22040065
6767,2022-05-31,04:54:09.218015,15.954514,-99.647568,15.953794,-99.645571,4266.9,MGL22040065
6768,2022-05-31,04:56:04.934010,15.953517,-99.644964,15.952797,-99.642965,4274.5,MGL22040065
6769,2022-05-31,04:58:01.821010,15.952541,-99.64235,15.9518,-99.64036,4268.6,MGL22040065
6770,2022-05-31,04:59:57.734015,15.951521,-99.639754,15.950795,-99.637757,4270.1,MGL22040065
6771,2022-05-31,05:01:54.653010,15.950525,-99.637147,15.949802,-99.63515,4255.1,MGL22040065
6772,2022-05-31,05:03:50.399011,15.949533,-99.634539,15.948807,-99.632543,4280.1,MGL22040065
6773,2022-05-31,05:05:46.535001,15.948512,-99.631943,15.947803,-99.62994,4284.8,MGL22040065
6774,2022-05-31,05:07:43.026021,15.947523,-99.629332,15.946816,-99.627331,4289.1,MGL22040065
6775,2022-05-31,05:09:39.332013,15.946532,-99.626726,15.945812,-99.624728,4293.9,MGL22040065
6776,2022-05-31,05:11:35.343010,15.945513,-99.624127,15.944825,-99.622117,4297.0,MGL22040065
6777,2022-05-31,05:13:30.481011,15.944542,-99.621512,15.943835,-99.619509,4295.3,MGL22040065
6778,2022-05-31,05:15:26.508016,15.943548,-99.618904,15.94285,-99.616898,4296.7,MGL22040065
6779,2022-05-31,05:17:22.418014,15.942541,-99.616302,15.941841,-99.614297,4283.1,MGL22040065
6780,2022-05-31,05:19:19.782011,15.941525,-99.613704,15.940828,-99.611698,4283.0,MGL22040065
6781,2022-05-31,05:21:16.723010,15.940554,-99.611089,15.939877,-99.609074,4287.8,MGL22040065
6782,2022-05-31,05:23:12.716016,15.939565,-99.608481,15.938852,-99.60648,4298.1,MGL22040065
6783,2022-05-31,05:25:09.147010,15.938566,-99.605876,15.937865,-99.60387,4288.2,MGL22040065
6784,2022-05-31,05:27:05.438011,15.937582,-99.603263,15.936871,-99.601263,4273.4,MGL22040065
6785,2022-05-31,05:29:02.063014,15.936575,-99.600663,15.935881,-99.598655,4267.9,MGL22040065
6786,2022-05-31,05:30:59.023015,15.935589,-99.598053,15.934886,-99.596047,4263.1,MGL22040065
6787,2022-05-31,05:32:55.426012,15.934598,-99.595444,15.933891,-99.593442,4257.6,MGL22040065
6788,2022-05-31,05:34:52.701016,15.933609,-99.592836,15.932891,-99.590837,4243.9,MGL22040065
6789,2022-05-31,05:36:49.188035,15.932601,-99.590236,15.931877,-99.588239,4230.3,MGL22040065
6790,2022-05-31,05:38:46.907016,15.931616,-99.587624,15.930915,-99.58562,4227.2,MGL22040065
6791,2022-05-31,05:40:44.239017,15.930624,-99.585017,15.929911,-99.583017,4226.4,MGL22040065
6792,2022-05-31,05:42:42.193011,15.929654,-99.5824,15.928918,-99.580409,4219.1,MGL22040065
6793,2022-05-31,05:44:39.484010,15.928648,-99.579799,15.927902,-99.577812,4210.2,MGL22040065
6794,2022-05-31,05:46:36.933016,15.92763,-99.5772,15.926928,-99.575198,4211.8,MGL22040065
6795,2022-05-31,05:48:33.690009,15.92666,-99.574584,15.925934,-99.572589,4200.6,MGL22040065
6796,2022-05-31,05:50:31.278047,15.925645,-99.571987,15.924903,-99.569999,4211.5,MGL22040065
6797,2022-05-31,05:52:29.311011,15.924653,-99.569378,15.923935,-99.56738,4197.8,MGL22040065
6798,2022-05-31,05:54:26.781017,15.923686,-99.566762,15.922947,-99.564772,4208.3,MGL22040065
6799,2022-05-31,05:56:24.691010,15.922683,-99.564158,15.921947,-99.562168,4205.0,MGL22040065
6800,2022-05-31,05:58:21.548014,15.921686,-99.561555,15.920944,-99.559565,4203.5,MGL22040065
6801,2022-05-31,06:00:19.411011,15.920692,-99.558947,15.919946,-99.55696,4192.8,MGL22040065
6802,2022-05-31,06:02:17.186012,15.919688,-99.556345,15.918944,-99.554356,4194.9,MGL22040065
6803,2022-05-31,06:04:14.666015,15.91871,-99.553731,15.917967,-99.551742,4190.1,MGL22040065
6804,2022-05-31,06:06:12.875012,15.917716,-99.551126,15.916959,-99.549142,4176.9,MGL22040065
6805,2022-05-31,06:08:10.544015,15.916701,-99.548527,15.915957,-99.546539,4173.4,MGL22040065
6806,2022-05-31,06:10:07.895014,15.915707,-99.545919,15.914969,-99.54393,4171.4,MGL22040065
6807,2022-05-31,06:12:03.472010,15.914727,-99.54331,15.913981,-99.541322,4170.0,MGL22040065
6808,2022-05-31,06:13:59.301012,15.913737,-99.540699,15.912988,-99.538714,4172.1,MGL22040065
6809,2022-05-31,06:15:54.340015,15.912746,-99.538093,15.911984,-99.536111,4191.0,MGL22040065
6810,2022-05-31,06:17:49.211012,15.911751,-99.535488,15.910993,-99.533504,4181.7,MGL22040065
6811,2022-05-31,06:19:44.706013,15.91077,-99.532874,15.910005,-99.530895,4183.4,MGL22040065
6812,2022-05-31,06:21:41.118010,15.909789,-99.530263,15.909009,-99.528289,4182.5,MGL22040065
6813,2022-05-31,06:23:39.115015,15.90879,-99.527658,15.907996,-99.525691,4182.0,MGL22040065
6814,2022-05-31,06:25:36.759012,15.907794,-99.525051,15.907025,-99.523075,4159.8,MGL22040065
6815,2022-05-31,06:27:34.197012,15.906785,-99.52245,15.90599,-99.520484,4162.7,MGL22040065
6816,2022-05-31,06:29:31.094013,15.905787,-99.519847,15.905001,-99.517876,4169.2,MGL22040065
6817,2022-05-31,06:31:27.234013,15.904771,-99.517248,15.904008,-99.51527,4165.6,MGL22040065
6818,2022-05-31,06:33:23.457012,15.903791,-99.514636,15.903022,-99.51266,4164.1,MGL22040065
6819,2022-05-31,06:35:20.478013,15.902818,-99.512023,15.902035,-99.510052,4156.3,MGL22040065
6820,2022-05-31,06:37:18.486013,15.901802,-99.509418,15.900947,-99.507483,4152.3,MGL22040065
6821,2022-05-31,06:39:21.977010,15.900526,-99.506835,15.899266,-99.505158,4142.0,MGL22040065
